filename,width,height,class,xmin,ymin,xmax,ymax

train_BRA_1012_JPG.rf.fa0e8bf1e58b462173e12dd6f8954b95.jpg,4000,3000,human,754,1012,791,1046
train_TRS_0011_JPG.rf.fa99c61ccfa4b048cafbafc0985bcdcc.jpg,4000,3000,human,1910,1258,1949,1294
train_TRS_0011_JPG.rf.fa99c61ccfa4b048cafbafc0985bcdcc.jpg,4000,3000,human,966,1900,1016,1931
train_TRS_0011_JPG.rf.fa99c61ccfa4b048cafbafc0985bcdcc.jpg,4000,3000,human,1564,2624,1604,2676
train_BRK_2092_JPG.rf.fc6ba9e5aa512819b66ef0895fa9991c.jpg,4000,3000,human,2578,1010,2658,1079



train_BRA_1001_JPG.rf.fb812848b590b62e90822f85a8454ed6.jpg,4000,3000,human,1743,2046,1787,2086
train_BRA_1001_JPG.rf.fb812848b590b62e90822f85a8454ed6.jpg,4000,3000,human,1107,412,1150,467
train_SB_0036_JPG.rf.f932b513c4fd4ce58047529922200669.jpg,4000,3000,human,1741,1782,1797,1821
train_SB_0036_JPG.rf.f932b513c4fd4ce58047529922200669.jpg,4000,3000,human,2295,1570,2332,1598
train_SB_0036_JPG.rf.f932b513c4fd4ce58047529922200669.jpg,4000,3000,human,1960,2390,1988,2432
train_GOR_3031_JPG.rf.f9bdcb409e4ad6c5928a8e62a3d652e6.jpg,4000,3000,human,1229,1795,1282,1879
train_GOR_3031_JPG.rf.f9bdcb409e4ad6c5928a8e62a3d652e6.jpg,4000,3000,human,2527,2252,2588,2389

train_MED_3036_JPG.rf.fa1009acb18e27e762806da65599f592.jpg,4000,3000,human,1498,727,1568,796

train_MED_3013_JPG.rf.f9586f23101d058cdb8a3ee1833674c5.jpg,4000,3000,human,2449,553,2502,653
train_MED_3013_JPG.rf.f9586f23101d058cdb8a3ee1833674c5.jpg,4000,3000,human,2454,955,2500,1044

train_RAK_0077_JPG.rf.fb95ed43552de7c42bbfe21390236ff4.jpg,4000,3000,human,1381,792,1435,850
train_ZRI_2088_JPG.rf.f9af3bb17bd09ad5d0ea36b46763a0fd.jpg,4000,3000,human,2713,2813,2768,2915
train_ZRI_2088_JPG.rf.f9af3bb17bd09ad5d0ea36b46763a0fd.jpg,4000,3000,human,2768,2764,2835,2852
train_ZRI_2088_JPG.rf.f9af3bb17bd09ad5d0ea36b46763a0fd.jpg,4000,3000,human,2611,2948,2661,2999
train_ZRI_2088_JPG.rf.f9af3bb17bd09ad5d0ea36b46763a0fd.jpg,4000,3000,human,2604,399,2697,479
train_ZRI_2088_JPG.rf.f9af3bb17bd09ad5d0ea36b46763a0fd.jpg,4000,3000,human,2669,4,2734,87
train_ZRI_2088_JPG.rf.f9af3bb17bd09ad5d0ea36b46763a0fd.jpg,4000,3000,human,553,896,618,947
train_ZRI_2088_JPG.rf.f9af3bb17bd09ad5d0ea36b46763a0fd.jpg,4000,3000,human,568,845,634,895
train_ZRI_2088_JPG.rf.f9af3bb17bd09ad5d0ea36b46763a0fd.jpg,4000,3000,human,852,260,904,317
train_ZRI_2088_JPG.rf.f9af3bb17bd09ad5d0ea36b46763a0fd.jpg,4000,3000,human,878,209,932,268
train_ZRI_2088_JPG.rf.f9af3bb17bd09ad5d0ea36b46763a0fd.jpg,4000,3000,human,567,1228,660,1283
train_TRS_0045_JPG.rf.fca7a11e4fea0a2e2d6cfc205b32ece7.jpg,4000,3000,human,1232,265,1271,307
train_TRS_0045_JPG.rf.fca7a11e4fea0a2e2d6cfc205b32ece7.jpg,4000,3000,human,965,2205,1009,2249
train_TRS_0045_JPG.rf.fca7a11e4fea0a2e2d6cfc205b32ece7.jpg,4000,3000,human,2625,2612,2677,2664


train_JAS_0178_JPG.rf.fb09472da2f854095b0cf61f03feed4c.jpg,4000,3000,human,2311,2112,2365,2172
train_MED_4012_JPG.rf.fc9b4db6b5b547510c836e79c0ceb318.jpg,4000,3000,human,607,102,668,190
train_MED_4012_JPG.rf.fc9b4db6b5b547510c836e79c0ceb318.jpg,4000,3000,human,1683,821,1732,911


train_MED_4058_JPG.rf.fb6d2dfb3536acc0fbd50904381b57a3.jpg,4000,3000,human,165,727,266,801
train_MED_4058_JPG.rf.fb6d2dfb3536acc0fbd50904381b57a3.jpg,4000,3000,human,210,602,300,664
train_MED_4058_JPG.rf.fb6d2dfb3536acc0fbd50904381b57a3.jpg,4000,3000,human,1025,910,1087,965
train_MED_4058_JPG.rf.fb6d2dfb3536acc0fbd50904381b57a3.jpg,4000,3000,human,1284,1023,1342,1077
train_MED_4058_JPG.rf.fb6d2dfb3536acc0fbd50904381b57a3.jpg,4000,3000,human,1567,1424,1613,1466
train_MED_4058_JPG.rf.fb6d2dfb3536acc0fbd50904381b57a3.jpg,4000,3000,human,1636,1124,1681,1164


train_ZRI_2063_JPG.rf.fbbd84ecf8857e3d62fe6aabce349d17.jpg,4000,3000,human,1428,1504,1486,1567
train_ZRI_2063_JPG.rf.fbbd84ecf8857e3d62fe6aabce349d17.jpg,4000,3000,human,1500,1515,1533,1556
train_ZRI_2063_JPG.rf.fbbd84ecf8857e3d62fe6aabce349d17.jpg,4000,3000,human,1705,1676,1777,1732
train_ZRI_2063_JPG.rf.fbbd84ecf8857e3d62fe6aabce349d17.jpg,4000,3000,human,1212,1874,1286,1923
train_ZRI_2063_JPG.rf.fbbd84ecf8857e3d62fe6aabce349d17.jpg,4000,3000,human,1178,1793,1221,1847
train_ZRI_2063_JPG.rf.fbbd84ecf8857e3d62fe6aabce349d17.jpg,4000,3000,human,1487,764,1545,830
train_ZRI_2063_JPG.rf.fbbd84ecf8857e3d62fe6aabce349d17.jpg,4000,3000,human,1204,800,1259,857
train_ZRI_2063_JPG.rf.fbbd84ecf8857e3d62fe6aabce349d17.jpg,4000,3000,human,8,1200,131,1258
train_ZRI_2063_JPG.rf.fbbd84ecf8857e3d62fe6aabce349d17.jpg,4000,3000,human,47,1134,177,1202
train_ZRI_2063_JPG.rf.fbbd84ecf8857e3d62fe6aabce349d17.jpg,4000,3000,human,243,2262,344,2350
train_ZRI_2063_JPG.rf.fbbd84ecf8857e3d62fe6aabce349d17.jpg,4000,3000,human,71,1969,183,2028
train_ZRI_2063_JPG.rf.fbbd84ecf8857e3d62fe6aabce349d17.jpg,4000,3000,human,49,1829,103,1878
train_ZRI_2063_JPG.rf.fbbd84ecf8857e3d62fe6aabce349d17.jpg,4000,3000,human,333,2352,448,2428
train_ZRI_2063_JPG.rf.fbbd84ecf8857e3d62fe6aabce349d17.jpg,4000,3000,human,455,2653,560,2765
train_ZRI_2063_JPG.rf.fbbd84ecf8857e3d62fe6aabce349d17.jpg,4000,3000,human,308,2067,361,2111


train_GOR_3058_JPG.rf.fc95340057254eabb3a5941373715894.jpg,4000,3000,human,2222,2585,2269,2643
train_GOR_3058_JPG.rf.fc95340057254eabb3a5941373715894.jpg,4000,3000,human,1581,2489,1667,2554

train_VRD_2009_JPG.rf.fd14a85ca2b796f834597ffe58dd5ab6.jpg,4000,3000,human,2749,1038,2832,1119
train_VRD_2009_JPG.rf.fd14a85ca2b796f834597ffe58dd5ab6.jpg,4000,3000,human,3141,131,3197,203
train_ZRI_2013_JPG.rf.fd9d800d4d81787595634be1766c30d7.jpg,4000,3000,human,161,1617,246,1659
train_ZRI_2013_JPG.rf.fd9d800d4d81787595634be1766c30d7.jpg,4000,3000,human,420,1439,523,1482
train_ZRI_2013_JPG.rf.fd9d800d4d81787595634be1766c30d7.jpg,4000,3000,human,778,1610,853,1658
train_ZRI_2013_JPG.rf.fd9d800d4d81787595634be1766c30d7.jpg,4000,3000,human,894,1707,962,1780
train_ZRI_2013_JPG.rf.fd9d800d4d81787595634be1766c30d7.jpg,4000,3000,human,1021,1341,1090,1378
train_ZRI_2013_JPG.rf.fd9d800d4d81787595634be1766c30d7.jpg,4000,3000,human,970,1084,1043,1143
train_ZRI_2013_JPG.rf.fd9d800d4d81787595634be1766c30d7.jpg,4000,3000,human,1252,1090,1317,1147
train_ZRI_2013_JPG.rf.fd9d800d4d81787595634be1766c30d7.jpg,4000,3000,human,1770,1703,1816,1763
train_ZRI_2013_JPG.rf.fd9d800d4d81787595634be1766c30d7.jpg,4000,3000,human,1810,1815,1874,1852
train_ZRI_2013_JPG.rf.fd9d800d4d81787595634be1766c30d7.jpg,4000,3000,human,2130,1931,2165,1965
train_ZRI_2013_JPG.rf.fd9d800d4d81787595634be1766c30d7.jpg,4000,3000,human,2166,1971,2215,2010
train_ZRI_2013_JPG.rf.fd9d800d4d81787595634be1766c30d7.jpg,4000,3000,human,1194,1517,1241,1554
train_ZRI_2013_JPG.rf.fd9d800d4d81787595634be1766c30d7.jpg,4000,3000,human,1278,1413,1326,1455
train_ZRI_2013_JPG.rf.fd9d800d4d81787595634be1766c30d7.jpg,4000,3000,human,1067,2006,1130,2047
train_ZRI_2013_JPG.rf.fd9d800d4d81787595634be1766c30d7.jpg,4000,3000,human,978,2421,1028,2469
train_ZRI_2013_JPG.rf.fd9d800d4d81787595634be1766c30d7.jpg,4000,3000,human,609,1003,683,1055
train_ZRI_2013_JPG.rf.fd9d800d4d81787595634be1766c30d7.jpg,4000,3000,human,499,1087,587,1128
train_ZRI_2013_JPG.rf.fd9d800d4d81787595634be1766c30d7.jpg,4000,3000,human,1715,347,1759,389
train_ZRI_2013_JPG.rf.fd9d800d4d81787595634be1766c30d7.jpg,4000,3000,human,1405,131,1472,205
train_ZRI_2013_JPG.rf.fd9d800d4d81787595634be1766c30d7.jpg,4000,3000,human,3360,1335,3433,1381
train_ZRI_2013_JPG.rf.fd9d800d4d81787595634be1766c30d7.jpg,4000,3000,human,2435,909,2488,963
train_ZRI_2013_JPG.rf.fd9d800d4d81787595634be1766c30d7.jpg,4000,3000,human,2611,914,2648,944
train_MED_3017_JPG.rf.fd9c8047ac5ac8c38ef38852cc6f1a00.jpg,4000,3000,human,2147,2394,2205,2474
train_MED_3017_JPG.rf.fd9c8047ac5ac8c38ef38852cc6f1a00.jpg,4000,3000,human,1999,2359,2078,2440
train_MED_3017_JPG.rf.fd9c8047ac5ac8c38ef38852cc6f1a00.jpg,4000,3000,human,2382,1982,2479,2116
train_MED_3017_JPG.rf.fd9c8047ac5ac8c38ef38852cc6f1a00.jpg,4000,3000,human,2366,1763,2443,1879
train_MED_3017_JPG.rf.fd9c8047ac5ac8c38ef38852cc6f1a00.jpg,4000,3000,human,2321,901,2386,1030
train_MED_3017_JPG.rf.fd9c8047ac5ac8c38ef38852cc6f1a00.jpg,4000,3000,human,2202,223,2263,341
train_MED_3017_JPG.rf.fd9c8047ac5ac8c38ef38852cc6f1a00.jpg,4000,3000,human,2291,16,2359,179
train_VRD_0118_JPG.rf.fd5be3b4fe1f5bcd9a22ca1b3e4cb8e4.jpg,4000,3000,human,2364,2899,2415,2963

train_VRD_0135_JPG.rf.fe58e7eb6243396dbdc302570214c67a.jpg,4000,3000,human,261,2632,340,2680
train_VRD_0135_JPG.rf.fe58e7eb6243396dbdc302570214c67a.jpg,4000,3000,human,1612,2106,1686,2143

train_BRK_2061_JPG.rf.fe6ddffa995f55cc15f8fe767ec8eedd.jpg,4000,3000,human,1823,148,1911,239
train_BRK_2061_JPG.rf.fe6ddffa995f55cc15f8fe767ec8eedd.jpg,4000,3000,human,2243,1787,2289,1869
train_MED_3068_JPG.rf.fe9155f1d653b26a4a44b44499e7bd8e.jpg,4000,3000,human,2236,1062,2294,1212
train_MED_3068_JPG.rf.fe9155f1d653b26a4a44b44499e7bd8e.jpg,4000,3000,human,1904,2122,1956,2172
train_BRS_0016_JPG.rf.feeda95b4a22a60b2996132913ea027d.jpg,4000,3000,human,360,1458,437,1498

train_GOR_1039_JPG.rf.ff9afb5740c3d0da858c9c9f0c125929.jpg,4000,3000,human,1921,1984,1977,2062
train_BRS_0051_JPG.rf.ffbde4002ffc0ab0de1f9a787502a613.jpg,4000,3000,human,2803,135,2844,207
train_BRS_0051_JPG.rf.ffbde4002ffc0ab0de1f9a787502a613.jpg,4000,3000,human,1888,1837,1938,1871
train_VRD_3095_JPG.rf.ff8eba22f3e92747c76ab54c71620626.jpg,4000,3000,human,3765,2323,3884,2378
train_ZRI_2041_JPG.rf.805f32b69c58bab7c6276740266f089c.jpg,4000,3000,human,2360,1272,2466,1334
train_ZRI_2041_JPG.rf.805f32b69c58bab7c6276740266f089c.jpg,4000,3000,human,848,2578,907,2636
train_ZRI_2041_JPG.rf.805f32b69c58bab7c6276740266f089c.jpg,4000,3000,human,1368,2257,1445,2304
train_ZRI_2041_JPG.rf.805f32b69c58bab7c6276740266f089c.jpg,4000,3000,human,2627,7,2672,86
train_BRK_2016_JPG.rf.7f02da80c13638d35c2502be496a65ce.jpg,4000,3000,human,1870,1637,1914,1717
train_BRK_2016_JPG.rf.7f02da80c13638d35c2502be496a65ce.jpg,4000,3000,human,1348,1987,1396,2055

train_ZRI_2065_JPG.rf.7ffc35dea928f4047f9d071ff181a763.jpg,4000,3000,human,232,339,349,431
train_ZRI_2065_JPG.rf.7ffc35dea928f4047f9d071ff181a763.jpg,4000,3000,human,263,295,344,353
train_ZRI_2065_JPG.rf.7ffc35dea928f4047f9d071ff181a763.jpg,4000,3000,human,380,448,499,521
train_ZRI_2065_JPG.rf.7ffc35dea928f4047f9d071ff181a763.jpg,4000,3000,human,571,315,660,381
train_ZRI_2065_JPG.rf.7ffc35dea928f4047f9d071ff181a763.jpg,4000,3000,human,719,821,799,891
train_ZRI_2065_JPG.rf.7ffc35dea928f4047f9d071ff181a763.jpg,4000,3000,human,740,924,828,984
train_ZRI_2065_JPG.rf.7ffc35dea928f4047f9d071ff181a763.jpg,4000,3000,human,0,993,105,1049
train_ZRI_2065_JPG.rf.7ffc35dea928f4047f9d071ff181a763.jpg,4000,3000,human,84,833,137,889
train_ZRI_2065_JPG.rf.7ffc35dea928f4047f9d071ff181a763.jpg,4000,3000,human,345,117,445,201
train_ZRI_2065_JPG.rf.7ffc35dea928f4047f9d071ff181a763.jpg,4000,3000,human,256,111,357,208
train_ZRI_2065_JPG.rf.7ffc35dea928f4047f9d071ff181a763.jpg,4000,3000,human,235,59,345,141
train_ZRI_2065_JPG.rf.7ffc35dea928f4047f9d071ff181a763.jpg,4000,3000,human,243,1337,359,1393
train_ZRI_2065_JPG.rf.7ffc35dea928f4047f9d071ff181a763.jpg,4000,3000,human,789,2660,869,2766
train_ZRI_2065_JPG.rf.7ffc35dea928f4047f9d071ff181a763.jpg,4000,3000,human,879,2774,955,2888
train_ZRI_2049_JPG.rf.7f0590229ea30c77e5dbd9d865704ac4.jpg,4000,3000,human,1307,1480,1361,1531
train_ZRI_2049_JPG.rf.7f0590229ea30c77e5dbd9d865704ac4.jpg,4000,3000,human,1723,1963,1808,2036
train_ZRI_2049_JPG.rf.7f0590229ea30c77e5dbd9d865704ac4.jpg,4000,3000,human,1661,1995,1719,2064
train_ZRI_2049_JPG.rf.7f0590229ea30c77e5dbd9d865704ac4.jpg,4000,3000,human,518,1000,579,1051
train_ZRI_2049_JPG.rf.7f0590229ea30c77e5dbd9d865704ac4.jpg,4000,3000,human,435,980,476,1020
train_ZRI_2049_JPG.rf.7f0590229ea30c77e5dbd9d865704ac4.jpg,4000,3000,human,362,905,399,948
train_ZRI_2049_JPG.rf.7f0590229ea30c77e5dbd9d865704ac4.jpg,4000,3000,human,1271,164,1312,270
train_ZRI_2049_JPG.rf.7f0590229ea30c77e5dbd9d865704ac4.jpg,4000,3000,human,1314,160,1360,270
train_ZRI_2049_JPG.rf.7f0590229ea30c77e5dbd9d865704ac4.jpg,4000,3000,human,1946,346,1990,438
train_ZRI_2049_JPG.rf.7f0590229ea30c77e5dbd9d865704ac4.jpg,4000,3000,human,1978,327,2005,411
train_VRD_2049_JPG.rf.80c7254d289fec3ab87e156d37268fbe.jpg,4000,3000,human,598,1852,677,1987
train_GOR_3060_JPG.rf.7fb7473ff93a35de404121f33a87c979.jpg,4000,3000,human,1501,2247,1553,2290
train_GOR_3060_JPG.rf.7fb7473ff93a35de404121f33a87c979.jpg,4000,3000,human,1221,1885,1285,1936
train_BRK_1004_JPG.rf.80e555f57c4369f1c8a4baec2b04776f.jpg,4000,3000,human,986,2781,1036,2839
train_BRK_1004_JPG.rf.80e555f57c4369f1c8a4baec2b04776f.jpg,4000,3000,human,2047,2020,2095,2061
train_BRK_2039_JPG.rf.8290eb4bc92038c8919d6d36bb451ded.jpg,4000,3000,human,1662,1663,1709,1708




train_MED_4031_JPG.rf.8349efb02902db1b5bb37b0abb84ffeb.jpg,4000,3000,human,671,1109,744,1183
train_VRD_2032_JPG.rf.82a65abb5da4c8986115fb61da1bc50b.jpg,4000,3000,human,2135,1001,2224,1122
train_VRD_2032_JPG.rf.82a65abb5da4c8986115fb61da1bc50b.jpg,4000,3000,human,2135,79,2244,131
train_GOR_3030_JPG.rf.806f1f70cb2a2f01346eb7e3100e3102.jpg,4000,3000,human,1238,1803,1290,1882
train_GOR_3030_JPG.rf.806f1f70cb2a2f01346eb7e3100e3102.jpg,4000,3000,human,2535,2254,2596,2376
train_VRD_0099_JPG.rf.82aab74414c88503130d0d9999534035.jpg,4000,3000,human,0,2349,82,2403
train_JAS_0092_JPG.rf.7f147873de1def9dd902f59b479fe1b1.jpg,4000,3000,human,2488,943,2535,994

train_ZRI_2069_JPG.rf.828a4294b94fed510d1cc8f10f409265.jpg,4000,3000,human,1078,900,1149,976
train_ZRI_2069_JPG.rf.828a4294b94fed510d1cc8f10f409265.jpg,4000,3000,human,1690,1264,1734,1321
train_ZRI_2069_JPG.rf.828a4294b94fed510d1cc8f10f409265.jpg,4000,3000,human,2261,1989,2323,2058
train_ZRI_2069_JPG.rf.828a4294b94fed510d1cc8f10f409265.jpg,4000,3000,human,2068,1887,2107,1951
train_ZRI_2069_JPG.rf.828a4294b94fed510d1cc8f10f409265.jpg,4000,3000,human,2411,1944,2460,1987
train_ZRI_2069_JPG.rf.828a4294b94fed510d1cc8f10f409265.jpg,4000,3000,human,2340,1885,2409,1950
train_ZRI_2069_JPG.rf.828a4294b94fed510d1cc8f10f409265.jpg,4000,3000,human,3819,2543,3910,2632
train_ZRI_2069_JPG.rf.828a4294b94fed510d1cc8f10f409265.jpg,4000,3000,human,3815,2609,3886,2655
train_ZRI_2069_JPG.rf.828a4294b94fed510d1cc8f10f409265.jpg,4000,3000,human,3349,2460,3434,2520
train_ZRI_2069_JPG.rf.828a4294b94fed510d1cc8f10f409265.jpg,4000,3000,human,3669,2945,3738,2999
train_ZRI_2069_JPG.rf.828a4294b94fed510d1cc8f10f409265.jpg,4000,3000,human,2478,173,2534,229
train_ZRI_2069_JPG.rf.828a4294b94fed510d1cc8f10f409265.jpg,4000,3000,human,1878,315,1931,413
train_ZRI_2070_JPG.rf.826eb42eeed0ddf7d242a0bc0436f95a.jpg,4000,3000,human,2009,2636,2070,2713
train_ZRI_2070_JPG.rf.826eb42eeed0ddf7d242a0bc0436f95a.jpg,4000,3000,human,2208,2739,2280,2813
train_ZRI_2070_JPG.rf.826eb42eeed0ddf7d242a0bc0436f95a.jpg,4000,3000,human,2436,2919,2508,2999
train_ZRI_2070_JPG.rf.826eb42eeed0ddf7d242a0bc0436f95a.jpg,4000,3000,human,2364,2703,2420,2745
train_ZRI_2070_JPG.rf.826eb42eeed0ddf7d242a0bc0436f95a.jpg,4000,3000,human,2314,2688,2347,2732
train_ZRI_2070_JPG.rf.826eb42eeed0ddf7d242a0bc0436f95a.jpg,4000,3000,human,2310,2643,2382,2709
train_ZRI_2070_JPG.rf.826eb42eeed0ddf7d242a0bc0436f95a.jpg,4000,3000,human,2908,1472,2962,1524
train_ZRI_2070_JPG.rf.826eb42eeed0ddf7d242a0bc0436f95a.jpg,4000,3000,human,2964,1566,3020,1616
train_ZRI_2070_JPG.rf.826eb42eeed0ddf7d242a0bc0436f95a.jpg,4000,3000,human,3107,1437,3179,1481
train_ZRI_2070_JPG.rf.826eb42eeed0ddf7d242a0bc0436f95a.jpg,4000,3000,human,1105,1754,1167,1810
train_ZRI_2070_JPG.rf.826eb42eeed0ddf7d242a0bc0436f95a.jpg,4000,3000,human,1677,2038,1743,2095
train_BRA_1028_JPG.rf.8027f2568abfee632aa2e7ce4c7f085f.jpg,4000,3000,human,1808,2436,1839,2485
train_BRA_1028_JPG.rf.8027f2568abfee632aa2e7ce4c7f085f.jpg,4000,3000,human,1783,2468,1815,2503
train_BRA_1028_JPG.rf.8027f2568abfee632aa2e7ce4c7f085f.jpg,4000,3000,human,1737,2500,1767,2538
train_BRA_1028_JPG.rf.8027f2568abfee632aa2e7ce4c7f085f.jpg,4000,3000,human,1723,2484,1747,2517
train_BRA_1028_JPG.rf.8027f2568abfee632aa2e7ce4c7f085f.jpg,4000,3000,human,1657,2478,1691,2525
train_BRA_1028_JPG.rf.8027f2568abfee632aa2e7ce4c7f085f.jpg,4000,3000,human,1703,2510,1729,2537
train_BRA_1002_JPG.rf.82d68cd377d89aca5dfbb6c3b5f2a32a.jpg,4000,3000,human,1730,2064,1778,2105
train_BRA_1002_JPG.rf.82d68cd377d89aca5dfbb6c3b5f2a32a.jpg,4000,3000,human,1538,44,1572,98

train_MED_4016_JPG.rf.81df202e4094404d00f75a729bbb2d8c.jpg,4000,3000,human,236,2337,335,2514
train_MED_4016_JPG.rf.81df202e4094404d00f75a729bbb2d8c.jpg,4000,3000,human,486,16,553,109
train_VRD_3124_JPG.rf.83e8f53d71c6aa48fdf76e5815f313c9.jpg,4000,3000,human,1148,1036,1242,1102


train_VRD_0058_JPG.rf.7fc8b6ba6f57b7e8bb7c24e5093f77e5.jpg,4000,3000,human,396,1342,469,1374

train_GOR_2029_JPG.rf.847f9a225b6cdb167f530339d5fa0cce.jpg,4000,3000,human,3767,275,3849,337
train_MED_3009_JPG.rf.8486890da9a9bfe44cd9bba251ac1aaf.jpg,4000,3000,human,2334,2311,2413,2415
train_MED_3009_JPG.rf.8486890da9a9bfe44cd9bba251ac1aaf.jpg,4000,3000,human,1696,2235,1768,2277
train_MED_3009_JPG.rf.8486890da9a9bfe44cd9bba251ac1aaf.jpg,4000,3000,human,2398,85,2441,194
train_VRD_0001_JPG.rf.84ed5753792a94beb698b2cab1273bf2.jpg,4000,3000,human,2131,2003,2173,2053
train_ZRI_3015_JPG.rf.852a6783cde29d4db09698f5223acb72.jpg,4000,3000,human,1923,475,1964,533
train_ZRI_3015_JPG.rf.852a6783cde29d4db09698f5223acb72.jpg,4000,3000,human,1880,443,1928,528
train_ZRI_3015_JPG.rf.852a6783cde29d4db09698f5223acb72.jpg,4000,3000,human,1617,2676,1682,2740
train_ZRI_3015_JPG.rf.852a6783cde29d4db09698f5223acb72.jpg,4000,3000,human,2104,2658,2181,2755
train_ZRI_3015_JPG.rf.852a6783cde29d4db09698f5223acb72.jpg,4000,3000,human,2782,1997,2857,2052
train_ZRI_3015_JPG.rf.852a6783cde29d4db09698f5223acb72.jpg,4000,3000,human,3162,1908,3240,2032
train_ZRI_3015_JPG.rf.852a6783cde29d4db09698f5223acb72.jpg,4000,3000,human,2075,1735,2134,1863
train_ZRI_3015_JPG.rf.852a6783cde29d4db09698f5223acb72.jpg,4000,3000,human,1753,1452,1857,1562
train_ZRI_3015_JPG.rf.852a6783cde29d4db09698f5223acb72.jpg,4000,3000,human,3537,2158,3604,2260
train_ZRI_3015_JPG.rf.852a6783cde29d4db09698f5223acb72.jpg,4000,3000,human,3923,2189,3999,2255
train_ZRI_3015_JPG.rf.852a6783cde29d4db09698f5223acb72.jpg,4000,3000,human,3383,2893,3443,2976
train_ZRI_3015_JPG.rf.852a6783cde29d4db09698f5223acb72.jpg,4000,3000,human,3455,1754,3550,1805
train_ZRI_3015_JPG.rf.852a6783cde29d4db09698f5223acb72.jpg,4000,3000,human,3561,1279,3645,1339
train_ZRI_3015_JPG.rf.852a6783cde29d4db09698f5223acb72.jpg,4000,3000,human,3236,1203,3297,1318
train_MED_3042_JPG.rf.85165d215e81d8ed7fdb9e4106a5166d.jpg,4000,3000,human,1133,1210,1233,1258
train_MED_3042_JPG.rf.85165d215e81d8ed7fdb9e4106a5166d.jpg,4000,3000,human,1445,1375,1491,1415
train_MED_3040_JPG.rf.85084a3465d84689080bec606ffa27a9.jpg,4000,3000,human,1214,805,1258,851
train_MED_3040_JPG.rf.85084a3465d84689080bec606ffa27a9.jpg,4000,3000,human,1784,909,1842,949
train_MED_3040_JPG.rf.85084a3465d84689080bec606ffa27a9.jpg,4000,3000,human,1424,1347,1466,1383
train_MED_3040_JPG.rf.85084a3465d84689080bec606ffa27a9.jpg,4000,3000,human,1314,2176,1354,2228
train_MED_3040_JPG.rf.85084a3465d84689080bec606ffa27a9.jpg,4000,3000,human,1316,2247,1362,2305
train_BRK_1008_JPG.rf.8531318cdbbfdcb9f55ebca3d89a9b4d.jpg,4000,3000,human,987,2772,1042,2826
train_BRK_1008_JPG.rf.8531318cdbbfdcb9f55ebca3d89a9b4d.jpg,4000,3000,human,2036,1994,2069,2049
train_JAS_0145_JPG.rf.8529d748e7a35cdea748464eeb6b8e12.jpg,4000,3000,human,2838,17,2909,89
train_VRD_0061_JPG.rf.856bd25f115d7ca2e923570804dd7ef3.jpg,4000,3000,human,456,883,489,919


train_GOR_3041_JPG.rf.8583df19ceb5d615decdec177feb5aff.jpg,4000,3000,human,349,1661,429,1714
train_GOR_3041_JPG.rf.8583df19ceb5d615decdec177feb5aff.jpg,4000,3000,human,652,1378,745,1438
train_ZRI_2087_JPG.rf.85bcd75686b1e0d7b66a1ed78c841943.jpg,4000,3000,human,2799,1596,2856,1646
train_ZRI_2087_JPG.rf.85bcd75686b1e0d7b66a1ed78c841943.jpg,4000,3000,human,2772,1550,2830,1599
train_ZRI_2087_JPG.rf.85bcd75686b1e0d7b66a1ed78c841943.jpg,4000,3000,human,2664,1387,2710,1446
train_ZRI_2087_JPG.rf.85bcd75686b1e0d7b66a1ed78c841943.jpg,4000,3000,human,339,615,404,682
train_ZRI_2087_JPG.rf.85bcd75686b1e0d7b66a1ed78c841943.jpg,4000,3000,human,375,570,425,625
train_GOR_3043_JPG.rf.858bc5b50d4f2af9437161adf711108f.jpg,4000,3000,human,1345,1490,1425,1540
train_GOR_3043_JPG.rf.858bc5b50d4f2af9437161adf711108f.jpg,4000,3000,human,1010,1938,1067,1982
train_GOR_3028_JPG.rf.86644031c2a05207247bf41a7e542a2a.jpg,4000,3000,human,1433,1912,1481,1969
train_GOR_3028_JPG.rf.86644031c2a05207247bf41a7e542a2a.jpg,4000,3000,human,2508,2214,2582,2276

train_RAK_0072_JPG.rf.86433dea36aeca842fb3c303317da966.jpg,4000,3000,human,2087,2126,2135,2180


train_BRS_0056_JPG.rf.86736273c05bf53c8421a2eea5b414a3.jpg,4000,3000,human,2776,92,2820,167
train_BRS_0056_JPG.rf.86736273c05bf53c8421a2eea5b414a3.jpg,4000,3000,human,1813,2024,1844,2057
train_TRS_0029_JPG.rf.8678f74aa8a2d11d71da4b4fb1eb3cef.jpg,4000,3000,human,1348,767,1388,807
train_TRS_0029_JPG.rf.8678f74aa8a2d11d71da4b4fb1eb3cef.jpg,4000,3000,human,973,2479,1026,2535
train_BRK_2086_JPG.rf.869896e22e92f9aa7e472c9bac9340fc.jpg,4000,3000,human,2269,2290,2319,2342
train_BRK_2086_JPG.rf.869896e22e92f9aa7e472c9bac9340fc.jpg,4000,3000,human,2445,2407,2496,2468



train_JAS_0082_JPG.rf.8686a79b0a6feae359f2b3dbdb1b3be8.jpg,4000,3000,human,929,2256,1009,2300
train_RAK_0032_JPG.rf.86a0ceb9dc7fa1be862a2a8dc49f45ae.jpg,4000,3000,human,1620,1068,1673,1114


train_BRS_0066_JPG.rf.88095955efd35ce6035ef3e0ba449712.jpg,4000,3000,human,2042,1842,2090,1880
train_BRS_0066_JPG.rf.88095955efd35ce6035ef3e0ba449712.jpg,4000,3000,human,2881,5,2930,91

train_ZRI_3013_JPG.rf.88a09c78f4036f0edea8a17a314c5185.jpg,4000,3000,human,1485,963,1551,1026
train_ZRI_3013_JPG.rf.88a09c78f4036f0edea8a17a314c5185.jpg,4000,3000,human,1878,725,1980,806
train_ZRI_3013_JPG.rf.88a09c78f4036f0edea8a17a314c5185.jpg,4000,3000,human,2450,923,2522,980
train_ZRI_3013_JPG.rf.88a09c78f4036f0edea8a17a314c5185.jpg,4000,3000,human,2100,1066,2154,1143
train_ZRI_3013_JPG.rf.88a09c78f4036f0edea8a17a314c5185.jpg,4000,3000,human,2703,1363,2792,1453
train_ZRI_3013_JPG.rf.88a09c78f4036f0edea8a17a314c5185.jpg,4000,3000,human,3903,1926,3975,1967
train_ZRI_3013_JPG.rf.88a09c78f4036f0edea8a17a314c5185.jpg,4000,3000,human,3937,1784,3989,1818
train_ZRI_3013_JPG.rf.88a09c78f4036f0edea8a17a314c5185.jpg,4000,3000,human,3014,378,3083,438
train_ZRI_3013_JPG.rf.88a09c78f4036f0edea8a17a314c5185.jpg,4000,3000,human,3055,273,3112,360
train_ZRI_3013_JPG.rf.88a09c78f4036f0edea8a17a314c5185.jpg,4000,3000,human,3776,517,3845,584
train_ZRI_3013_JPG.rf.88a09c78f4036f0edea8a17a314c5185.jpg,4000,3000,human,3648,617,3712,668
train_BRS_0052_JPG.rf.893303f2884dceaf8616b94352019bec.jpg,4000,3000,human,2794,121,2842,190
train_BRS_0052_JPG.rf.893303f2884dceaf8616b94352019bec.jpg,4000,3000,human,2028,1849,2063,1881
train_RAK_0064_JPG.rf.89908906346729b93da435860afc27da.jpg,4000,3000,human,1510,442,1569,517

train_BRK_2053_JPG.rf.88cef71943d99525ad1cf4c119a367c8.jpg,4000,3000,human,1954,1787,2056,1847
train_BRK_2053_JPG.rf.88cef71943d99525ad1cf4c119a367c8.jpg,4000,3000,human,3642,1602,3741,1675
train_VRD_0008_JPG.rf.8a130afa056e8551fcdc97dcfe8a16b4.jpg,4000,3000,human,3529,1175,3591,1230


train_GOR_3063_JPG.rf.87dee8d878bd6df37906612baf13aed6.jpg,4000,3000,human,1761,1086,1816,1151
train_GOR_3063_JPG.rf.87dee8d878bd6df37906612baf13aed6.jpg,4000,3000,human,1919,1596,1946,1642



train_RAK_0079_JPG.rf.8a441f37d7f6c04e7183579006b95afd.jpg,4000,3000,human,1101,2571,1162,2644
train_BRA_1026_JPG.rf.8aaf6eaf993fab0b9b6e0da218ad0083.jpg,4000,3000,human,101,2408,181,2465

train_ZRI_3007_JPG.rf.8b742c95a036782965a59c44cbbe0d45.jpg,4000,3000,human,2701,2751,2774,2818
train_ZRI_3007_JPG.rf.8b742c95a036782965a59c44cbbe0d45.jpg,4000,3000,human,2916,2490,3004,2561
train_ZRI_3007_JPG.rf.8b742c95a036782965a59c44cbbe0d45.jpg,4000,3000,human,2356,2373,2420,2466
train_ZRI_3007_JPG.rf.8b742c95a036782965a59c44cbbe0d45.jpg,4000,3000,human,1457,2874,1555,2970
train_ZRI_3007_JPG.rf.8b742c95a036782965a59c44cbbe0d45.jpg,4000,3000,human,1713,2526,1784,2591
train_ZRI_3007_JPG.rf.8b742c95a036782965a59c44cbbe0d45.jpg,4000,3000,human,2011,2179,2075,2242
train_ZRI_3007_JPG.rf.8b742c95a036782965a59c44cbbe0d45.jpg,4000,3000,human,2360,2001,2444,2065
train_ZRI_3007_JPG.rf.8b742c95a036782965a59c44cbbe0d45.jpg,4000,3000,human,1465,1615,1535,1689
train_ZRI_3007_JPG.rf.8b742c95a036782965a59c44cbbe0d45.jpg,4000,3000,human,1464,1525,1536,1571
train_ZRI_3007_JPG.rf.8b742c95a036782965a59c44cbbe0d45.jpg,4000,3000,human,1303,1617,1355,1696
train_ZRI_3007_JPG.rf.8b742c95a036782965a59c44cbbe0d45.jpg,4000,3000,human,660,1728,737,1787
train_ZRI_3007_JPG.rf.8b742c95a036782965a59c44cbbe0d45.jpg,4000,3000,human,768,1574,825,1626
train_ZRI_3007_JPG.rf.8b742c95a036782965a59c44cbbe0d45.jpg,4000,3000,human,2760,1381,2846,1432
train_ZRI_3007_JPG.rf.8b742c95a036782965a59c44cbbe0d45.jpg,4000,3000,human,2369,711,2456,776
train_ZRI_3007_JPG.rf.8b742c95a036782965a59c44cbbe0d45.jpg,4000,3000,human,2079,463,2124,547
train_ZRI_3007_JPG.rf.8b742c95a036782965a59c44cbbe0d45.jpg,4000,3000,human,1781,759,1852,807
train_ZRI_3007_JPG.rf.8b742c95a036782965a59c44cbbe0d45.jpg,4000,3000,human,2663,338,2727,395
train_ZRI_3007_JPG.rf.8b742c95a036782965a59c44cbbe0d45.jpg,4000,3000,human,3152,1200,3222,1263
train_ZRI_3007_JPG.rf.8b742c95a036782965a59c44cbbe0d45.jpg,4000,3000,human,3534,1104,3613,1194
train_ZRI_3007_JPG.rf.8b742c95a036782965a59c44cbbe0d45.jpg,4000,3000,human,1945,1201,1988,1245
train_ZRI_3007_JPG.rf.8b742c95a036782965a59c44cbbe0d45.jpg,4000,3000,human,1903,1255,1943,1297
train_RAK_0033_JPG.rf.8ad9457603b6fb13ebdd265d69d62e90.jpg,4000,3000,human,1625,1045,1678,1164
train_MED_4063_JPG.rf.8a7a09d259306eb509cc994755c7a994.jpg,4000,3000,human,1755,910,1807,971
train_MED_4063_JPG.rf.8a7a09d259306eb509cc994755c7a994.jpg,4000,3000,human,1690,872,1743,930
train_MED_4063_JPG.rf.8a7a09d259306eb509cc994755c7a994.jpg,4000,3000,human,982,2000,1051,2038
train_MED_4063_JPG.rf.8a7a09d259306eb509cc994755c7a994.jpg,4000,3000,human,1002,1930,1057,1971
train_MED_4063_JPG.rf.8a7a09d259306eb509cc994755c7a994.jpg,4000,3000,human,661,1912,732,1952
train_MED_4063_JPG.rf.8a7a09d259306eb509cc994755c7a994.jpg,4000,3000,human,1252,1504,1324,1557


train_BRK_2008_JPG.rf.8c47050d642e2079ce8661a2d6850bb7.jpg,4000,3000,human,2613,1708,2665,1791
train_BRK_2008_JPG.rf.8c47050d642e2079ce8661a2d6850bb7.jpg,4000,3000,human,2038,1957,2081,2027
train_MED_4034_JPG.rf.8b9a34f2ece753ff18e04f70b0197364.jpg,4000,3000,human,1458,2250,1511,2322


train_JAS_0078_JPG.rf.8c4c84aa8401fde20f29849f8dedf485.jpg,4000,3000,human,921,2084,1003,2154

train_VRD_0119_JPG.rf.8ca60ad949584b928b7ac28143594dbf.jpg,4000,3000,human,2041,1623,2072,1651
train_BRS_0060_JPG.rf.8c00db972fdd968919aac70158dc5f82.jpg,4000,3000,human,2795,91,2835,167
train_BRS_0060_JPG.rf.8c00db972fdd968919aac70158dc5f82.jpg,4000,3000,human,1956,1637,1991,1690
train_GOR_1071_JPG.rf.8cbbc58598bf78cdc3198cc6f48cf147.jpg,4000,3000,human,877,159,961,263
train_GOR_1071_JPG.rf.8cbbc58598bf78cdc3198cc6f48cf147.jpg,4000,3000,human,2,1211,140,1289



train_BRS_0032_JPG.rf.8ceb82da2c94c3f7c86f677b94814127.jpg,4000,3000,human,724,1889,787,1932
train_BRS_0032_JPG.rf.8ceb82da2c94c3f7c86f677b94814127.jpg,4000,3000,human,648,2125,720,2161
train_BRS_0032_JPG.rf.8ceb82da2c94c3f7c86f677b94814127.jpg,4000,3000,human,2899,2708,2955,2778
train_TRS_0030_JPG.rf.8cebb488c94bf14564920c160fd33085.jpg,4000,3000,human,974,2479,1025,2535
train_TRS_0030_JPG.rf.8cebb488c94bf14564920c160fd33085.jpg,4000,3000,human,1339,766,1379,805
train_BRK_2121_JPG.rf.8cf476cfbf65ec07ce93c7bdbfe6097a.jpg,4000,3000,human,2775,645,2840,713
train_BRK_2121_JPG.rf.8cf476cfbf65ec07ce93c7bdbfe6097a.jpg,4000,3000,human,1463,576,1514,663
train_SB_0019_JPG.rf.8d81cbd147c40b8fc5b1a3afbd37774b.jpg,4000,3000,human,1293,809,1341,865
train_SB_0019_JPG.rf.8d81cbd147c40b8fc5b1a3afbd37774b.jpg,4000,3000,human,2336,938,2383,995

train_VRD_3016_JPG.rf.8d972979c2a2cea3cbe0e247e703f1c3.jpg,4000,3000,human,1418,1179,1467,1241
train_ZRI_2048_JPG.rf.8e643513ca113711a40cb5f8a62b18e9.jpg,4000,3000,human,1334,413,1374,476
train_ZRI_2048_JPG.rf.8e643513ca113711a40cb5f8a62b18e9.jpg,4000,3000,human,1187,439,1238,499
train_ZRI_2048_JPG.rf.8e643513ca113711a40cb5f8a62b18e9.jpg,4000,3000,human,588,685,668,767
train_ZRI_2048_JPG.rf.8e643513ca113711a40cb5f8a62b18e9.jpg,4000,3000,human,551,602,620,684
train_ZRI_2048_JPG.rf.8e643513ca113711a40cb5f8a62b18e9.jpg,4000,3000,human,562,1204,626,1295
train_ZRI_2048_JPG.rf.8e643513ca113711a40cb5f8a62b18e9.jpg,4000,3000,human,425,1227,512,1315
train_ZRI_2048_JPG.rf.8e643513ca113711a40cb5f8a62b18e9.jpg,4000,3000,human,706,1325,792,1403
train_ZRI_2048_JPG.rf.8e643513ca113711a40cb5f8a62b18e9.jpg,4000,3000,human,1853,2246,1913,2326
train_ZRI_2048_JPG.rf.8e643513ca113711a40cb5f8a62b18e9.jpg,4000,3000,human,2737,2025,2795,2099
train_ZRI_2048_JPG.rf.8e643513ca113711a40cb5f8a62b18e9.jpg,4000,3000,human,75,1282,147,1355
train_BRK_2064_JPG.rf.8e8a55b0db4777d63ef3a5c0505e0ec3.jpg,4000,3000,human,903,630,1020,690
train_BRK_2064_JPG.rf.8e8a55b0db4777d63ef3a5c0505e0ec3.jpg,4000,3000,human,2334,1505,2405,1575
train_GOR_3072_JPG.rf.8db796bb91aefc434795d4a29727027e.jpg,4000,3000,human,2639,1643,2693,1686
train_GOR_3072_JPG.rf.8db796bb91aefc434795d4a29727027e.jpg,4000,3000,human,2986,2393,3049,2431
train_VRD_3108_JPG.rf.8e21736954a32eead907aabbdc9da47a.jpg,4000,3000,human,2413,2279,2472,2441

train_BRA_1065_JPG.rf.8dd7515d18864cbc61952c029d46f48d.jpg,4000,3000,human,303,2682,383,2736
train_BRA_1065_JPG.rf.8dd7515d18864cbc61952c029d46f48d.jpg,4000,3000,human,321,2624,398,2679
train_BRA_1065_JPG.rf.8dd7515d18864cbc61952c029d46f48d.jpg,4000,3000,human,196,2725,272,2774
train_BRA_1065_JPG.rf.8dd7515d18864cbc61952c029d46f48d.jpg,4000,3000,human,196,2636,275,2683
train_BRA_1065_JPG.rf.8dd7515d18864cbc61952c029d46f48d.jpg,4000,3000,human,145,2662,205,2708
train_BRA_1065_JPG.rf.8dd7515d18864cbc61952c029d46f48d.jpg,4000,3000,human,125,2612,193,2659
train_BRA_1065_JPG.rf.8dd7515d18864cbc61952c029d46f48d.jpg,4000,3000,human,92,2606,169,2670
train_BRA_1065_JPG.rf.8dd7515d18864cbc61952c029d46f48d.jpg,4000,3000,human,88,2663,151,2703
train_ZRI_2044_JPG.rf.8e65418aafea74ede3b0456333934059.jpg,4000,3000,human,1851,1694,1900,1783
train_ZRI_2044_JPG.rf.8e65418aafea74ede3b0456333934059.jpg,4000,3000,human,1902,1713,1958,1805
train_ZRI_2044_JPG.rf.8e65418aafea74ede3b0456333934059.jpg,4000,3000,human,1957,1756,1987,1802
train_MED_3069_JPG.rf.8f4e8994597ac4c2d3ecd13092178042.jpg,4000,3000,human,2217,1630,2270,1756
train_TRS_0035_JPG.rf.8edb12028275bf2717de1e591eb50944.jpg,4000,3000,human,724,1887,784,1933
train_TRS_0035_JPG.rf.8edb12028275bf2717de1e591eb50944.jpg,4000,3000,human,1823,567,1862,604
train_BRS_0008_JPG.rf.8ed968b4d25aa27aac5a4378ec8fcb9b.jpg,4000,3000,human,1765,2348,1808,2395
train_BRS_0008_JPG.rf.8ed968b4d25aa27aac5a4378ec8fcb9b.jpg,4000,3000,human,1812,2285,1844,2321
train_BRS_0008_JPG.rf.8ed968b4d25aa27aac5a4378ec8fcb9b.jpg,4000,3000,human,2750,2525,2802,2592
train_BRK_2036_JPG.rf.8f4de47ee6de4f40a9a90ee5478c01d0.jpg,4000,3000,human,2068,1937,2115,1981

train_ZRI_2071_JPG.rf.8fba82b3998033b51df50efef2462a53.jpg,4000,3000,human,3176,858,3244,913
train_ZRI_2071_JPG.rf.8fba82b3998033b51df50efef2462a53.jpg,4000,3000,human,2588,904,2627,959
train_ZRI_2071_JPG.rf.8fba82b3998033b51df50efef2462a53.jpg,4000,3000,human,2302,933,2351,992
train_ZRI_2071_JPG.rf.8fba82b3998033b51df50efef2462a53.jpg,4000,3000,human,2108,672,2146,720
train_ZRI_2071_JPG.rf.8fba82b3998033b51df50efef2462a53.jpg,4000,3000,human,2451,1025,2484,1054
train_ZRI_2071_JPG.rf.8fba82b3998033b51df50efef2462a53.jpg,4000,3000,human,1438,778,1481,836
train_ZRI_2071_JPG.rf.8fba82b3998033b51df50efef2462a53.jpg,4000,3000,human,1875,330,1932,388
train_ZRI_2071_JPG.rf.8fba82b3998033b51df50efef2462a53.jpg,4000,3000,human,1842,297,1887,337
train_ZRI_2071_JPG.rf.8fba82b3998033b51df50efef2462a53.jpg,4000,3000,human,1967,270,2014,332
train_ZRI_2071_JPG.rf.8fba82b3998033b51df50efef2462a53.jpg,4000,3000,human,2233,493,2278,570

train_BRK_1009_JPG.rf.8fc9350c3f6c6d3abab3e135df6255dc.jpg,4000,3000,human,1047,2530,1094,2586
train_BRK_1009_JPG.rf.8fc9350c3f6c6d3abab3e135df6255dc.jpg,4000,3000,human,2037,1813,2073,1868

train_TRS_0014_JPG.rf.90bf886ef6b7656995aca26b5b1ae9a1.jpg,4000,3000,human,1583,2638,1624,2695
train_TRS_0014_JPG.rf.90bf886ef6b7656995aca26b5b1ae9a1.jpg,4000,3000,human,1431,1535,1466,1574
train_VRD_3099_JPG.rf.903d868bcb12e209214407188a34ad3b.jpg,4000,3000,human,1391,2141,1434,2194
train_VRD_0033_JPG.rf.8fbc5306ac93d8961935760f4b6a267b.jpg,4000,3000,human,2453,1848,2523,1938


train_GOR_3062_JPG.rf.90abf4dc64c9aeff22c3e8d790605e64.jpg,4000,3000,human,870,2071,960,2122
train_GOR_3062_JPG.rf.90abf4dc64c9aeff22c3e8d790605e64.jpg,4000,3000,human,1375,2054,1438,2097


train_MED_3034_JPG.rf.9145224e276d39451850f93e8570c9fa.jpg,4000,3000,human,1537,822,1612,887



train_BRA_1060_JPG.rf.9223e9d510bfd7dab864adcbe873dc57.jpg,4000,3000,human,128,2277,195,2317
train_BRA_1039_JPG.rf.91c714a4274441bc6595fdc988dcfaff.jpg,4000,3000,human,1032,732,1081,778

train_BRK_2060_JPG.rf.91d969320edd2d4b75ca64c8596a181f.jpg,4000,3000,human,1649,1157,1698,1247
train_BRK_2060_JPG.rf.91d969320edd2d4b75ca64c8596a181f.jpg,4000,3000,human,1892,2815,1976,2908
train_TRS_0015_JPG.rf.94427c81e177403f49870e8cee6db1c3.jpg,4000,3000,human,1092,1415,1141,1465
train_TRS_0015_JPG.rf.94427c81e177403f49870e8cee6db1c3.jpg,4000,3000,human,1261,2535,1301,2579

train_GOR_2061_JPG.rf.942eeadc05fb81b27a12e8cf242991d9.jpg,4000,3000,human,2482,252,2538,327
train_GOR_2061_JPG.rf.942eeadc05fb81b27a12e8cf242991d9.jpg,4000,3000,human,2435,133,2492,226
train_GOR_2061_JPG.rf.942eeadc05fb81b27a12e8cf242991d9.jpg,4000,3000,human,2372,0,2426,71
train_GOR_2061_JPG.rf.942eeadc05fb81b27a12e8cf242991d9.jpg,4000,3000,human,2005,31,2047,97
train_GOR_2061_JPG.rf.942eeadc05fb81b27a12e8cf242991d9.jpg,4000,3000,human,2484,47,2537,121
train_BRK_1020_JPG.rf.9407fb30fe88ab8da0a2a170eedd1a3f.jpg,4000,3000,human,1784,2211,1826,2295
train_BRK_2072_JPG.rf.9291d11d19929f580e6bf9e4de405f7e.jpg,4000,3000,human,1866,1207,1903,1253
train_BRK_2072_JPG.rf.9291d11d19929f580e6bf9e4de405f7e.jpg,4000,3000,human,1020,2042,1072,2077




train_RAK_0074_JPG.rf.94e9d8fac53372545a6fa759b0222fca.jpg,4000,3000,human,2469,1081,2516,1126
train_MED_3015_JPG.rf.94bbc1a135d8c8698a14594c6e27ff37.jpg,4000,3000,human,2089,1145,2155,1240
train_MED_3015_JPG.rf.94bbc1a135d8c8698a14594c6e27ff37.jpg,4000,3000,human,2177,1013,2237,1114
train_MED_3015_JPG.rf.94bbc1a135d8c8698a14594c6e27ff37.jpg,4000,3000,human,2059,929,2109,1016
train_MED_3015_JPG.rf.94bbc1a135d8c8698a14594c6e27ff37.jpg,4000,3000,human,1997,1400,2035,1479
train_VRD_0146_JPG.rf.949f1e524db8f951dce699074404b276.jpg,4000,3000,human,1446,1754,1522,1794
train_VRD_0146_JPG.rf.949f1e524db8f951dce699074404b276.jpg,4000,3000,human,2690,1326,2745,1399
train_BRK_1016_JPG.rf.9608828aca59ab06d2aa45f77feacc6e.jpg,4000,3000,human,1015,2797,1067,2843
train_BRK_1016_JPG.rf.9608828aca59ab06d2aa45f77feacc6e.jpg,4000,3000,human,2116,1955,2154,2013
train_ZRI_3022_JPG.rf.963af45d353a35c2c8f8a8c732e06227.jpg,4000,3000,human,2530,476,2584,555
train_ZRI_3022_JPG.rf.963af45d353a35c2c8f8a8c732e06227.jpg,4000,3000,human,2621,457,2678,553
train_ZRI_3022_JPG.rf.963af45d353a35c2c8f8a8c732e06227.jpg,4000,3000,human,3024,1572,3106,1628
train_ZRI_3022_JPG.rf.963af45d353a35c2c8f8a8c732e06227.jpg,4000,3000,human,3087,1746,3171,1791
train_ZRI_3022_JPG.rf.963af45d353a35c2c8f8a8c732e06227.jpg,4000,3000,human,2746,2143,2815,2191
train_ZRI_3022_JPG.rf.963af45d353a35c2c8f8a8c732e06227.jpg,4000,3000,human,2737,2331,2800,2401
train_ZRI_3022_JPG.rf.963af45d353a35c2c8f8a8c732e06227.jpg,4000,3000,human,2640,2275,2720,2335
train_ZRI_3022_JPG.rf.963af45d353a35c2c8f8a8c732e06227.jpg,4000,3000,human,1901,2344,1997,2422
train_ZRI_3022_JPG.rf.963af45d353a35c2c8f8a8c732e06227.jpg,4000,3000,human,1787,1921,1863,2013
train_ZRI_3022_JPG.rf.963af45d353a35c2c8f8a8c732e06227.jpg,4000,3000,human,1830,2770,1901,2850
train_ZRI_3022_JPG.rf.963af45d353a35c2c8f8a8c732e06227.jpg,4000,3000,human,1043,2581,1101,2644
train_ZRI_3022_JPG.rf.963af45d353a35c2c8f8a8c732e06227.jpg,4000,3000,human,1076,2918,1184,2999
train_ZRI_3022_JPG.rf.963af45d353a35c2c8f8a8c732e06227.jpg,4000,3000,human,1515,2511,1585,2604
train_ZRI_3022_JPG.rf.963af45d353a35c2c8f8a8c732e06227.jpg,4000,3000,human,3648,2877,3711,2985
train_ZRI_2051_JPG.rf.9637b9ac56a5c3584d6004f5e2ed129c.jpg,4000,3000,human,2105,1046,2141,1127
train_ZRI_2051_JPG.rf.9637b9ac56a5c3584d6004f5e2ed129c.jpg,4000,3000,human,2042,1059,2079,1110
train_ZRI_2051_JPG.rf.9637b9ac56a5c3584d6004f5e2ed129c.jpg,4000,3000,human,2042,1096,2077,1148
train_ZRI_2051_JPG.rf.9637b9ac56a5c3584d6004f5e2ed129c.jpg,4000,3000,human,3850,1557,3924,1648
train_ZRI_2051_JPG.rf.9637b9ac56a5c3584d6004f5e2ed129c.jpg,4000,3000,human,3806,1641,3844,1690
train_ZRI_2051_JPG.rf.9637b9ac56a5c3584d6004f5e2ed129c.jpg,4000,3000,human,3744,1607,3788,1652
train_ZRI_2051_JPG.rf.9637b9ac56a5c3584d6004f5e2ed129c.jpg,4000,3000,human,3378,1414,3427,1484
train_ZRI_2051_JPG.rf.9637b9ac56a5c3584d6004f5e2ed129c.jpg,4000,3000,human,3857,2366,3949,2442
train_ZRI_2051_JPG.rf.9637b9ac56a5c3584d6004f5e2ed129c.jpg,4000,3000,human,3431,2558,3540,2630
train_ZRI_2051_JPG.rf.9637b9ac56a5c3584d6004f5e2ed129c.jpg,4000,3000,human,3620,1896,3679,1942
train_ZRI_2051_JPG.rf.9637b9ac56a5c3584d6004f5e2ed129c.jpg,4000,3000,human,3482,1864,3533,1924
train_ZRI_2051_JPG.rf.9637b9ac56a5c3584d6004f5e2ed129c.jpg,4000,3000,human,3371,1830,3421,1887
train_ZRI_2051_JPG.rf.9637b9ac56a5c3584d6004f5e2ed129c.jpg,4000,3000,human,2183,1800,2231,1891
train_MED_3011_JPG.rf.96634c388e725ff827018d70facb8a3c.jpg,4000,3000,human,2382,113,2425,234
train_MED_3011_JPG.rf.96634c388e725ff827018d70facb8a3c.jpg,4000,3000,human,2422,212,2468,328
train_MED_3011_JPG.rf.96634c388e725ff827018d70facb8a3c.jpg,4000,3000,human,2528,552,2573,645
train_MED_4049_JPG.rf.96bfd28eae1deb79128c3214c3ee0525.jpg,4000,3000,human,2479,1183,2541,1288
train_MED_4049_JPG.rf.96bfd28eae1deb79128c3214c3ee0525.jpg,4000,3000,human,2515,1003,2573,1110
train_MED_4049_JPG.rf.96bfd28eae1deb79128c3214c3ee0525.jpg,4000,3000,human,799,259,843,344
train_MED_4049_JPG.rf.96bfd28eae1deb79128c3214c3ee0525.jpg,4000,3000,human,841,148,883,228
train_MED_4049_JPG.rf.96bfd28eae1deb79128c3214c3ee0525.jpg,4000,3000,human,1338,294,1387,390
train_MED_4049_JPG.rf.96bfd28eae1deb79128c3214c3ee0525.jpg,4000,3000,human,1361,275,1393,361
train_GOR_2043_JPG.rf.970ecc9e3fb432e74c82e9fc2b1993fa.jpg,4000,3000,human,1625,733,1681,815
train_GOR_2043_JPG.rf.970ecc9e3fb432e74c82e9fc2b1993fa.jpg,4000,3000,human,2594,1917,2646,1969
train_JAS_0008_JPG.rf.959563fcf885e8a0b81e2045c88629be.jpg,4000,3000,human,816,2006,875,2058
train_VRD_3091_JPG.rf.952c3e4f76b3071009c28e9bef9636f3.jpg,4000,3000,human,3475,2911,3554,2960
train_RAK_0073_JPG.rf.96e955976329f25ebc82eddcf83cc723.jpg,4000,3000,human,2040,2731,2090,2791


train_JAS_0160_JPG.rf.9700478fc296bbcc4b5d59f28b6d872e.jpg,4000,3000,human,3292,2081,3367,2148
train_JAS_0160_JPG.rf.9700478fc296bbcc4b5d59f28b6d872e.jpg,4000,3000,human,1803,1530,1855,1581
train_VRD_2012_JPG.rf.966f5ce1df6e7523ac782526938e5aa0.jpg,4000,3000,human,2770,2498,2856,2568
train_VRD_2012_JPG.rf.966f5ce1df6e7523ac782526938e5aa0.jpg,4000,3000,human,3105,1628,3217,1692

train_JAS_0074_JPG.rf.97daf7baff42f5360c3e8e7a57ce005a.jpg,4000,3000,human,849,454,902,528
train_GOR_3067_JPG.rf.97d4c8c72c95ed6e85ec0ae05df209d9.jpg,4000,3000,human,2606,1081,2655,1136
train_GOR_3067_JPG.rf.97d4c8c72c95ed6e85ec0ae05df209d9.jpg,4000,3000,human,2841,1682,2909,1718
train_BRK_2091_JPG.rf.9842c81ded45446ee19b90a448f01418.jpg,4000,3000,human,2572,1073,2660,1138


train_BRS_0005_JPG.rf.98db3f985febcb05cbd2ba38e97303f5.jpg,4000,3000,human,2070,1743,2102,1770
train_BRS_0005_JPG.rf.98db3f985febcb05cbd2ba38e97303f5.jpg,4000,3000,human,2125,1721,2152,1754
train_BRS_0005_JPG.rf.98db3f985febcb05cbd2ba38e97303f5.jpg,4000,3000,human,2403,1409,2453,1436

train_VRD_0116_JPG.rf.994c997a09dbf43f417c8c180828127c.jpg,4000,3000,human,2370,2510,2424,2566
train_BLA_0006_JPG.rf.994cd3b5e58adc3c8a7659979139b424.jpg,4000,3000,human,313,1767,397,1806
train_BLA_0006_JPG.rf.994cd3b5e58adc3c8a7659979139b424.jpg,4000,3000,human,3474,1204,3532,1282
train_BLA_0006_JPG.rf.994cd3b5e58adc3c8a7659979139b424.jpg,4000,3000,human,2674,2842,2720,2912


train_GOR_3015_JPG.rf.996b3b9d1b39d12f2a9839ae6286ef18.jpg,4000,3000,human,1066,466,1120,550
train_GOR_3015_JPG.rf.996b3b9d1b39d12f2a9839ae6286ef18.jpg,4000,3000,human,1538,510,1602,603
train_BLA_0007_JPG.rf.996aa48bae02c7bc00b21551ab48845d.jpg,4000,3000,human,3469,1197,3531,1279
train_BLA_0007_JPG.rf.996aa48bae02c7bc00b21551ab48845d.jpg,4000,3000,human,2672,2838,2725,2908
train_BLA_0007_JPG.rf.996aa48bae02c7bc00b21551ab48845d.jpg,4000,3000,human,325,1763,399,1803

train_CAP_0005_JPG.rf.9991eaf6fd4a5b7dc59ff36f09212a04.jpg,4000,3000,human,1814,1376,1878,1480
train_CAP_0005_JPG.rf.9991eaf6fd4a5b7dc59ff36f09212a04.jpg,4000,3000,human,2209,1101,2265,1223
train_MED_4053_JPG.rf.9a2f0d6629d2c0a99da9620395c13da9.jpg,4000,3000,human,159,1475,237,1524
train_MED_4053_JPG.rf.9a2f0d6629d2c0a99da9620395c13da9.jpg,4000,3000,human,217,1449,295,1515
train_MED_4053_JPG.rf.9a2f0d6629d2c0a99da9620395c13da9.jpg,4000,3000,human,465,1270,533,1350
train_MED_4053_JPG.rf.9a2f0d6629d2c0a99da9620395c13da9.jpg,4000,3000,human,523,1190,592,1270
train_MED_4053_JPG.rf.9a2f0d6629d2c0a99da9620395c13da9.jpg,4000,3000,human,1341,742,1384,800
train_MED_4053_JPG.rf.9a2f0d6629d2c0a99da9620395c13da9.jpg,4000,3000,human,813,653,855,719

train_ZRI_3014_JPG.rf.9aff3a2f555d728953a58815a1494d39.jpg,4000,3000,human,1598,2568,1658,2626
train_ZRI_3014_JPG.rf.9aff3a2f555d728953a58815a1494d39.jpg,4000,3000,human,2088,2567,2161,2663
train_ZRI_3014_JPG.rf.9aff3a2f555d728953a58815a1494d39.jpg,4000,3000,human,3539,2091,3603,2188
train_ZRI_3014_JPG.rf.9aff3a2f555d728953a58815a1494d39.jpg,4000,3000,human,3171,1824,3234,1954
train_ZRI_3014_JPG.rf.9aff3a2f555d728953a58815a1494d39.jpg,4000,3000,human,3372,2820,3432,2897
train_ZRI_3014_JPG.rf.9aff3a2f555d728953a58815a1494d39.jpg,4000,3000,human,3292,2886,3348,2953
train_ZRI_3014_JPG.rf.9aff3a2f555d728953a58815a1494d39.jpg,4000,3000,human,3465,1684,3561,1730
train_ZRI_3014_JPG.rf.9aff3a2f555d728953a58815a1494d39.jpg,4000,3000,human,3931,2131,3999,2188
train_ZRI_3014_JPG.rf.9aff3a2f555d728953a58815a1494d39.jpg,4000,3000,human,2782,1907,2856,1957
train_ZRI_3014_JPG.rf.9aff3a2f555d728953a58815a1494d39.jpg,4000,3000,human,3260,1116,3319,1234
train_ZRI_3014_JPG.rf.9aff3a2f555d728953a58815a1494d39.jpg,4000,3000,human,3580,1203,3669,1262
train_ZRI_3014_JPG.rf.9aff3a2f555d728953a58815a1494d39.jpg,4000,3000,human,1755,1342,1855,1453
train_ZRI_3014_JPG.rf.9aff3a2f555d728953a58815a1494d39.jpg,4000,3000,human,2073,1638,2137,1765
train_ZRI_3014_JPG.rf.9aff3a2f555d728953a58815a1494d39.jpg,4000,3000,human,2063,107,2110,188
train_ZRI_3014_JPG.rf.9aff3a2f555d728953a58815a1494d39.jpg,4000,3000,human,2017,67,2071,149
train_ZRI_3003_JPG.rf.9b29288d2f336abb2a262d0f15889a60.jpg,4000,3000,human,1886,543,1958,630
train_ZRI_3003_JPG.rf.9b29288d2f336abb2a262d0f15889a60.jpg,4000,3000,human,1976,1510,2105,1616
train_ZRI_3003_JPG.rf.9b29288d2f336abb2a262d0f15889a60.jpg,4000,3000,human,1456,2038,1521,2104
train_ZRI_3003_JPG.rf.9b29288d2f336abb2a262d0f15889a60.jpg,4000,3000,human,1287,2340,1377,2402
train_ZRI_3003_JPG.rf.9b29288d2f336abb2a262d0f15889a60.jpg,4000,3000,human,1872,2305,1932,2401
train_ZRI_3003_JPG.rf.9b29288d2f336abb2a262d0f15889a60.jpg,4000,3000,human,2240,2416,2306,2481
train_ZRI_3003_JPG.rf.9b29288d2f336abb2a262d0f15889a60.jpg,4000,3000,human,1934,2682,2007,2735
train_ZRI_3003_JPG.rf.9b29288d2f336abb2a262d0f15889a60.jpg,4000,3000,human,2881,2812,2951,2870
train_ZRI_3003_JPG.rf.9b29288d2f336abb2a262d0f15889a60.jpg,4000,3000,human,3049,2760,3107,2830
train_ZRI_3003_JPG.rf.9b29288d2f336abb2a262d0f15889a60.jpg,4000,3000,human,2913,2924,2981,2976
train_ZRI_3003_JPG.rf.9b29288d2f336abb2a262d0f15889a60.jpg,4000,3000,human,3552,2680,3625,2748
train_ZRI_3003_JPG.rf.9b29288d2f336abb2a262d0f15889a60.jpg,4000,3000,human,3609,2512,3707,2573
train_ZRI_3003_JPG.rf.9b29288d2f336abb2a262d0f15889a60.jpg,4000,3000,human,2441,2014,2503,2083
train_ZRI_3003_JPG.rf.9b29288d2f336abb2a262d0f15889a60.jpg,4000,3000,human,3891,1344,3953,1422
train_ZRI_3003_JPG.rf.9b29288d2f336abb2a262d0f15889a60.jpg,4000,3000,human,3022,1333,3093,1427

train_VRD_0082_JPG.rf.9ac12ffeb4be31c73b24766931605189.jpg,4000,3000,human,1544,79,1580,161

train_ZRI_2067_JPG.rf.9b4c7aacdf53f3ec4e8380069bc9e837.jpg,4000,3000,human,653,1245,732,1288
train_ZRI_2067_JPG.rf.9b4c7aacdf53f3ec4e8380069bc9e837.jpg,4000,3000,human,424,1570,540,1612
train_ZRI_2067_JPG.rf.9b4c7aacdf53f3ec4e8380069bc9e837.jpg,4000,3000,human,695,1385,784,1438
train_ZRI_2067_JPG.rf.9b4c7aacdf53f3ec4e8380069bc9e837.jpg,4000,3000,human,484,1670,521,1704
train_ZRI_2067_JPG.rf.9b4c7aacdf53f3ec4e8380069bc9e837.jpg,4000,3000,human,478,1697,535,1728
train_ZRI_2067_JPG.rf.9b4c7aacdf53f3ec4e8380069bc9e837.jpg,4000,3000,human,763,2394,832,2446
train_ZRI_2067_JPG.rf.9b4c7aacdf53f3ec4e8380069bc9e837.jpg,4000,3000,human,716,2437,794,2494
train_ZRI_2067_JPG.rf.9b4c7aacdf53f3ec4e8380069bc9e837.jpg,4000,3000,human,275,2671,375,2738
train_ZRI_2067_JPG.rf.9b4c7aacdf53f3ec4e8380069bc9e837.jpg,4000,3000,human,153,1904,281,1973
train_ZRI_2067_JPG.rf.9b4c7aacdf53f3ec4e8380069bc9e837.jpg,4000,3000,human,79,2029,162,2082
train_ZRI_2067_JPG.rf.9b4c7aacdf53f3ec4e8380069bc9e837.jpg,4000,3000,human,201,2213,270,2255
train_ZRI_2067_JPG.rf.9b4c7aacdf53f3ec4e8380069bc9e837.jpg,4000,3000,human,0,2172,98,2231
train_ZRI_2067_JPG.rf.9b4c7aacdf53f3ec4e8380069bc9e837.jpg,4000,3000,human,2306,1276,2354,1329
train_ZRI_2067_JPG.rf.9b4c7aacdf53f3ec4e8380069bc9e837.jpg,4000,3000,human,2321,1325,2355,1363
train_ZRI_2067_JPG.rf.9b4c7aacdf53f3ec4e8380069bc9e837.jpg,4000,3000,human,2614,1147,2676,1216
train_ZRI_2067_JPG.rf.9b4c7aacdf53f3ec4e8380069bc9e837.jpg,4000,3000,human,2782,1335,2831,1381
train_ZRI_2067_JPG.rf.9b4c7aacdf53f3ec4e8380069bc9e837.jpg,4000,3000,human,2694,1367,2760,1419
train_ZRI_2067_JPG.rf.9b4c7aacdf53f3ec4e8380069bc9e837.jpg,4000,3000,human,2630,1371,2674,1418
train_ZRI_2067_JPG.rf.9b4c7aacdf53f3ec4e8380069bc9e837.jpg,4000,3000,human,2693,1339,2764,1376
train_ZRI_2067_JPG.rf.9b4c7aacdf53f3ec4e8380069bc9e837.jpg,4000,3000,human,3626,1389,3731,1444
train_ZRI_2067_JPG.rf.9b4c7aacdf53f3ec4e8380069bc9e837.jpg,4000,3000,human,2355,500,2421,580
train_ZRI_2067_JPG.rf.9b4c7aacdf53f3ec4e8380069bc9e837.jpg,4000,3000,human,1824,2324,1887,2400
train_ZRI_2067_JPG.rf.9b4c7aacdf53f3ec4e8380069bc9e837.jpg,4000,3000,human,3247,2688,3310,2752
train_ZRI_2067_JPG.rf.9b4c7aacdf53f3ec4e8380069bc9e837.jpg,4000,3000,human,3742,2620,3850,2674
train_BRK_2063_JPG.rf.9afe9309fdfd79fd3163cd4877e4707a.jpg,4000,3000,human,900,636,1015,697
train_BRK_2063_JPG.rf.9afe9309fdfd79fd3163cd4877e4707a.jpg,4000,3000,human,2336,1508,2407,1578
train_BRK_2003_JPG.rf.9c34a5e8bd729eb2eb284362c464bd11.jpg,4000,3000,human,2431,2069,2479,2142
train_BRK_2003_JPG.rf.9c34a5e8bd729eb2eb284362c464bd11.jpg,4000,3000,human,1925,2104,1963,2155
train_GOR_2057_JPG.rf.9cd2e9508a1c91c5a98c77d81d0ed317.jpg,4000,3000,human,1956,1315,2002,1363

train_JAS_0147_JPG.rf.9a51d2f1b40c72722b98c4c10dd613d8.jpg,4000,3000,human,2659,624,2720,693



train_CAP_0013_JPG.rf.9dc41e2ff76723a2edd9fca2df4999b4.jpg,4000,3000,human,1172,2230,1218,2290
train_GOR_3056_JPG.rf.9e1341cbf3362e8c9decb891549223dc.jpg,4000,3000,human,1944,2602,2002,2660
train_GOR_3056_JPG.rf.9e1341cbf3362e8c9decb891549223dc.jpg,4000,3000,human,2488,2498,2533,2549
train_VRD_0090_JPG.rf.9df2f694041694e78247eb80f1918c62.jpg,4000,3000,human,1259,1291,1342,1339
train_BRA_1055_JPG.rf.9e5a5a618cd26e587fd9937f8d81c49e.jpg,4000,3000,human,385,2303,444,2359
train_VRD_0034_JPG.rf.9f1b2b31eafbef29bceb9b8e7a52fa2c.jpg,4000,3000,human,2401,2678,2471,2761
train_ZRI_2027_JPG.rf.9edf4b8ba3613768716b50ffcdb49124.jpg,4000,3000,human,2045,645,2087,735
train_ZRI_2027_JPG.rf.9edf4b8ba3613768716b50ffcdb49124.jpg,4000,3000,human,1592,250,1647,347
train_ZRI_2027_JPG.rf.9edf4b8ba3613768716b50ffcdb49124.jpg,4000,3000,human,1671,243,1722,327
train_ZRI_2027_JPG.rf.9edf4b8ba3613768716b50ffcdb49124.jpg,4000,3000,human,1740,2421,1793,2466
train_GOR_3066_JPG.rf.9e464aad2804be300ed1fde7559c5f18.jpg,4000,3000,human,2723,1591,2779,1637
train_GOR_3066_JPG.rf.9e464aad2804be300ed1fde7559c5f18.jpg,4000,3000,human,2564,1090,2614,1145
train_BRK_2070_JPG.rf.9f43db91afe90a35ae718531761172b2.jpg,4000,3000,human,2044,1058,2142,1139
train_BRK_2070_JPG.rf.9f43db91afe90a35ae718531761172b2.jpg,4000,3000,human,719,2149,792,2208

train_GOR_1073_JPG.rf.9f4eab6ebe448f442b736cd58bd9d8bb.jpg,4000,3000,human,195,1247,323,1321
train_GOR_1073_JPG.rf.9f4eab6ebe448f442b736cd58bd9d8bb.jpg,4000,3000,human,867,233,959,341
train_TRS_0043_JPG.rf.a0709b068b5479c84f23de7049933607.jpg,4000,3000,human,1204,257,1248,320
train_TRS_0043_JPG.rf.a0709b068b5479c84f23de7049933607.jpg,4000,3000,human,961,2217,1005,2260
train_TRS_0043_JPG.rf.a0709b068b5479c84f23de7049933607.jpg,4000,3000,human,2627,2595,2673,2651




train_VRD_2013_JPG.rf.a0adcb5d5f18ff9ef52b6faa748b8525.jpg,4000,3000,human,2781,2903,2869,2979
train_VRD_2013_JPG.rf.a0adcb5d5f18ff9ef52b6faa748b8525.jpg,4000,3000,human,3108,2052,3236,2119
train_SB_0016_JPG.rf.a0c1f1b987772f58b542e9c1d3ac3fda.jpg,4000,3000,human,784,1030,830,1099
train_SB_0016_JPG.rf.a0c1f1b987772f58b542e9c1d3ac3fda.jpg,4000,3000,human,1833,1711,1884,1789
train_VRD_0093_JPG.rf.a0ec9cc2838a43cf39574de3120052fc.jpg,4000,3000,human,35,14,138,68

train_ZRI_2020_JPG.rf.a1ee50ce1a992990f76a27dab9933363.jpg,4000,3000,human,1422,1815,1462,1855
train_ZRI_2020_JPG.rf.a1ee50ce1a992990f76a27dab9933363.jpg,4000,3000,human,1253,1961,1346,2027
train_ZRI_2020_JPG.rf.a1ee50ce1a992990f76a27dab9933363.jpg,4000,3000,human,327,2324,425,2394
train_ZRI_2020_JPG.rf.a1ee50ce1a992990f76a27dab9933363.jpg,4000,3000,human,106,2394,186,2442
train_ZRI_2028_JPG.rf.a15e0b16db8c110f7a9a049d7b2144e8.jpg,4000,3000,human,1611,1136,1680,1192
train_ZRI_2028_JPG.rf.a15e0b16db8c110f7a9a049d7b2144e8.jpg,4000,3000,human,1713,1114,1768,1170
train_ZRI_2028_JPG.rf.a15e0b16db8c110f7a9a049d7b2144e8.jpg,4000,3000,human,3858,1752,3979,1813
train_MED_3016_JPG.rf.a12722acf0f1bdc5f9679938bbe7c089.jpg,4000,3000,human,2082,1413,2129,1493
train_MED_3016_JPG.rf.a12722acf0f1bdc5f9679938bbe7c089.jpg,4000,3000,human,2021,1221,2085,1311
train_MED_3016_JPG.rf.a12722acf0f1bdc5f9679938bbe7c089.jpg,4000,3000,human,2238,1118,2307,1241
train_MED_3016_JPG.rf.a12722acf0f1bdc5f9679938bbe7c089.jpg,4000,3000,human,2351,900,2409,1012
train_GOR_2062_JPG.rf.a22d27179682625ec2c59c6652a0ae84.jpg,4000,3000,human,1993,563,2050,628
train_GOR_2062_JPG.rf.a22d27179682625ec2c59c6652a0ae84.jpg,4000,3000,human,2280,634,2350,692
train_GOR_2062_JPG.rf.a22d27179682625ec2c59c6652a0ae84.jpg,4000,3000,human,2625,528,2673,588
train_GOR_2062_JPG.rf.a22d27179682625ec2c59c6652a0ae84.jpg,4000,3000,human,2428,324,2493,409
train_GOR_2062_JPG.rf.a22d27179682625ec2c59c6652a0ae84.jpg,4000,3000,human,2060,348,2127,428
train_GOR_2062_JPG.rf.a22d27179682625ec2c59c6652a0ae84.jpg,4000,3000,human,2060,441,2118,526
train_GOR_2062_JPG.rf.a22d27179682625ec2c59c6652a0ae84.jpg,4000,3000,human,2241,357,2309,453
train_GOR_2062_JPG.rf.a22d27179682625ec2c59c6652a0ae84.jpg,4000,3000,human,2164,179,2216,247
train_BRK_2075_JPG.rf.a20aa47501034add48c2281c55a38368.jpg,4000,3000,human,634,1810,685,1842
train_BRK_2075_JPG.rf.a20aa47501034add48c2281c55a38368.jpg,4000,3000,human,549,1960,599,2002
train_MED_4028_JPG.rf.a25f5391282d62efe2bfe0ef5df9e7f9.jpg,4000,3000,human,2637,987,2723,1062
train_MED_4028_JPG.rf.a25f5391282d62efe2bfe0ef5df9e7f9.jpg,4000,3000,human,3660,2038,3751,2106


train_ZRI_2018_JPG.rf.a2a415b1d882e56aa8b1fe04384056a3.jpg,4000,3000,human,1069,559,1137,627
train_ZRI_2018_JPG.rf.a2a415b1d882e56aa8b1fe04384056a3.jpg,4000,3000,human,1144,580,1225,652
train_ZRI_2018_JPG.rf.a2a415b1d882e56aa8b1fe04384056a3.jpg,4000,3000,human,1098,426,1167,482
train_ZRI_2018_JPG.rf.a2a415b1d882e56aa8b1fe04384056a3.jpg,4000,3000,human,1300,586,1339,644
train_ZRI_2018_JPG.rf.a2a415b1d882e56aa8b1fe04384056a3.jpg,4000,3000,human,966,1565,1025,1614
train_ZRI_2018_JPG.rf.a2a415b1d882e56aa8b1fe04384056a3.jpg,4000,3000,human,850,1487,910,1523
train_ZRI_2018_JPG.rf.a2a415b1d882e56aa8b1fe04384056a3.jpg,4000,3000,human,932,1440,984,1489
train_ZRI_2018_JPG.rf.a2a415b1d882e56aa8b1fe04384056a3.jpg,4000,3000,human,876,1570,928,1613
train_ZRI_2018_JPG.rf.a2a415b1d882e56aa8b1fe04384056a3.jpg,4000,3000,human,886,1523,954,1563
train_ZRI_2018_JPG.rf.a2a415b1d882e56aa8b1fe04384056a3.jpg,4000,3000,human,909,1488,969,1524
train_ZRI_2018_JPG.rf.a2a415b1d882e56aa8b1fe04384056a3.jpg,4000,3000,human,186,2302,260,2346

train_ZRI_2058_JPG.rf.a34d8cb94387aebafc24492dd1c50e6f.jpg,4000,3000,human,2156,648,2192,687
train_ZRI_2058_JPG.rf.a34d8cb94387aebafc24492dd1c50e6f.jpg,4000,3000,human,1917,726,1971,796
train_ZRI_2058_JPG.rf.a34d8cb94387aebafc24492dd1c50e6f.jpg,4000,3000,human,1970,713,2016,766
train_ZRI_2058_JPG.rf.a34d8cb94387aebafc24492dd1c50e6f.jpg,4000,3000,human,2104,295,2147,364
train_ZRI_2058_JPG.rf.a34d8cb94387aebafc24492dd1c50e6f.jpg,4000,3000,human,2092,242,2136,310
train_ZRI_2058_JPG.rf.a34d8cb94387aebafc24492dd1c50e6f.jpg,4000,3000,human,2022,198,2056,262
train_ZRI_2058_JPG.rf.a34d8cb94387aebafc24492dd1c50e6f.jpg,4000,3000,human,1813,504,1840,567
train_ZRI_2058_JPG.rf.a34d8cb94387aebafc24492dd1c50e6f.jpg,4000,3000,human,1852,501,1897,564
train_ZRI_2058_JPG.rf.a34d8cb94387aebafc24492dd1c50e6f.jpg,4000,3000,human,2230,983,2276,1037
train_ZRI_2058_JPG.rf.a34d8cb94387aebafc24492dd1c50e6f.jpg,4000,3000,human,3084,595,3171,653
train_ZRI_2058_JPG.rf.a34d8cb94387aebafc24492dd1c50e6f.jpg,4000,3000,human,2678,217,2743,293
train_ZRI_2058_JPG.rf.a34d8cb94387aebafc24492dd1c50e6f.jpg,4000,3000,human,892,2445,985,2504
train_ZRI_2058_JPG.rf.a34d8cb94387aebafc24492dd1c50e6f.jpg,4000,3000,human,950,2384,1030,2447
train_ZRI_2058_JPG.rf.a34d8cb94387aebafc24492dd1c50e6f.jpg,4000,3000,human,2606,2106,2654,2164
train_ZRI_2058_JPG.rf.a34d8cb94387aebafc24492dd1c50e6f.jpg,4000,3000,human,2663,2109,2723,2168
train_ZRI_2058_JPG.rf.a34d8cb94387aebafc24492dd1c50e6f.jpg,4000,3000,human,1102,195,1157,238
train_ZRI_2058_JPG.rf.a34d8cb94387aebafc24492dd1c50e6f.jpg,4000,3000,human,1977,8,2009,49
train_ZRI_2058_JPG.rf.a34d8cb94387aebafc24492dd1c50e6f.jpg,4000,3000,human,1928,325,1953,371
train_ZRI_2058_JPG.rf.a34d8cb94387aebafc24492dd1c50e6f.jpg,4000,3000,human,2056,344,2086,379
train_ZRI_2058_JPG.rf.a34d8cb94387aebafc24492dd1c50e6f.jpg,4000,3000,human,2083,395,2117,458

train_BRK_2006_JPG.rf.a2c36e92303f2957a03ce22ea84bf8f0.jpg,4000,3000,human,2403,1840,2449,1905
train_BRK_2006_JPG.rf.a2c36e92303f2957a03ce22ea84bf8f0.jpg,4000,3000,human,1979,1978,2023,2054
train_GOR_3078_JPG.rf.a2a2ef0006764bfe829181d5b0796bf3.jpg,4000,3000,human,879,1191,936,1251
train_GOR_3078_JPG.rf.a2a2ef0006764bfe829181d5b0796bf3.jpg,4000,3000,human,959,1244,1023,1313
train_GOR_1008_JPG.rf.a3157ffacd4f4291ae5c2821b3b49b3e.jpg,4000,3000,human,3365,1888,3452,2017

train_GOR_1041_JPG.rf.a2c8b5459f97328329b145021f0c9e64.jpg,4000,3000,human,1179,2663,1273,2761
train_GOR_2006_JPG.rf.a35104a7bc96a69baf49c0cbf56c87bc.jpg,4000,3000,human,2232,1255,2283,1286
train_GOR_2006_JPG.rf.a35104a7bc96a69baf49c0cbf56c87bc.jpg,4000,3000,human,2322,1180,2363,1216
train_BRK_2013_JPG.rf.a35c65821ca6aecfbbe7eb9709582336.jpg,4000,3000,human,1341,1989,1386,2057
train_BRK_2013_JPG.rf.a35c65821ca6aecfbbe7eb9709582336.jpg,4000,3000,human,1845,1581,1884,1649


train_MED_3007_JPG.rf.a412000825d15b4bac71123bbcc3e81b.jpg,4000,3000,human,2296,1581,2366,1679
train_MED_3007_JPG.rf.a412000825d15b4bac71123bbcc3e81b.jpg,4000,3000,human,1723,1552,1795,1600
train_MED_3007_JPG.rf.a412000825d15b4bac71123bbcc3e81b.jpg,4000,3000,human,1586,2657,1630,2703
train_JAS_0113_JPG.rf.a3dfc9cff8c1d6bbcd5e09a2d2715362.jpg,4000,3000,human,3463,1521,3553,1568
train_VRD_0141_JPG.rf.a4303dbde9ceeb51242d771114717c07.jpg,4000,3000,human,1570,261,1651,301

train_BRS_0033_JPG.rf.a52fe48a4929286bffacd2933e967330.jpg,4000,3000,human,2017,1652,2038,1684
train_BRS_0033_JPG.rf.a52fe48a4929286bffacd2933e967330.jpg,4000,3000,human,1925,1441,1955,1475
train_BRK_2122_JPG.rf.a468935a7c290debc8cbccb63143ad79.jpg,4000,3000,human,2755,748,2828,845
train_BRK_2122_JPG.rf.a468935a7c290debc8cbccb63143ad79.jpg,4000,3000,human,1459,672,1508,745
train_GOR_3001_JPG.rf.a43d496ddb754d0a68f2b6ee746c0554.jpg,4000,3000,human,2133,1920,2188,1972
train_GOR_3001_JPG.rf.a43d496ddb754d0a68f2b6ee746c0554.jpg,4000,3000,human,2146,1820,2184,1870


train_MED_3065_JPG.rf.a5561ae19be6c30e7e3ca50bcc47f035.jpg,4000,3000,human,1925,752,1974,809
train_MED_3065_JPG.rf.a5561ae19be6c30e7e3ca50bcc47f035.jpg,4000,3000,human,2061,1158,2104,1208
train_BRK_2002_JPG.rf.a4f1edd97544c247f420503484279a8d.jpg,4000,3000,human,2363,2173,2412,2247
train_BRK_2002_JPG.rf.a4f1edd97544c247f420503484279a8d.jpg,4000,3000,human,1829,2102,1870,2149

train_BRS_0006_JPG.rf.a5aa169e4ca64d7b0a0302edbfc441b1.jpg,4000,3000,human,2080,1779,2106,1810
train_BRS_0006_JPG.rf.a5aa169e4ca64d7b0a0302edbfc441b1.jpg,4000,3000,human,2071,1741,2103,1764
train_BRS_0006_JPG.rf.a5aa169e4ca64d7b0a0302edbfc441b1.jpg,4000,3000,human,2677,1506,2721,1542

train_BRS_0009_JPG.rf.a5d83e714d023725520a166dcdf8bcc8.jpg,4000,3000,human,1120,2127,1181,2167
train_BRS_0009_JPG.rf.a5d83e714d023725520a166dcdf8bcc8.jpg,4000,3000,human,1123,2033,1177,2070
train_BRS_0009_JPG.rf.a5d83e714d023725520a166dcdf8bcc8.jpg,4000,3000,human,2253,2620,2298,2672
train_MED_4013_JPG.rf.a5f51826045ea561bfa96d94ddb4fe26.jpg,4000,3000,human,480,602,550,705
train_MED_4013_JPG.rf.a5f51826045ea561bfa96d94ddb4fe26.jpg,4000,3000,human,1722,1460,1780,1547
train_ZRI_3020_JPG.rf.a6a14853dee034526aae54c3359f8701.jpg,4000,3000,human,3136,182,3234,251
train_ZRI_3020_JPG.rf.a6a14853dee034526aae54c3359f8701.jpg,4000,3000,human,3188,354,3289,411
train_ZRI_3020_JPG.rf.a6a14853dee034526aae54c3359f8701.jpg,4000,3000,human,2879,719,2943,777
train_ZRI_3020_JPG.rf.a6a14853dee034526aae54c3359f8701.jpg,4000,3000,human,2866,912,2930,975
train_ZRI_3020_JPG.rf.a6a14853dee034526aae54c3359f8701.jpg,4000,3000,human,2775,858,2850,909
train_ZRI_3020_JPG.rf.a6a14853dee034526aae54c3359f8701.jpg,4000,3000,human,2045,914,2138,993
train_ZRI_3020_JPG.rf.a6a14853dee034526aae54c3359f8701.jpg,4000,3000,human,1666,1082,1733,1167
train_ZRI_3020_JPG.rf.a6a14853dee034526aae54c3359f8701.jpg,4000,3000,human,1971,1329,2044,1401
train_ZRI_3020_JPG.rf.a6a14853dee034526aae54c3359f8701.jpg,4000,3000,human,1220,1483,1343,1571
train_ZRI_3020_JPG.rf.a6a14853dee034526aae54c3359f8701.jpg,4000,3000,human,1193,1146,1253,1205
train_ZRI_3020_JPG.rf.a6a14853dee034526aae54c3359f8701.jpg,4000,3000,human,1310,400,1383,532
train_ZRI_3020_JPG.rf.a6a14853dee034526aae54c3359f8701.jpg,4000,3000,human,1943,518,2002,598
train_ZRI_3020_JPG.rf.a6a14853dee034526aae54c3359f8701.jpg,4000,3000,human,3364,2010,3447,2082
train_ZRI_3020_JPG.rf.a6a14853dee034526aae54c3359f8701.jpg,4000,3000,human,3791,2024,3881,2081
train_ZRI_3020_JPG.rf.a6a14853dee034526aae54c3359f8701.jpg,4000,3000,human,3290,1615,3364,1677
train_ZRI_3020_JPG.rf.a6a14853dee034526aae54c3359f8701.jpg,4000,3000,human,3772,1446,3855,1574
train_ZRI_3020_JPG.rf.a6a14853dee034526aae54c3359f8701.jpg,4000,3000,human,2116,2006,2169,2063
train_ZRI_3020_JPG.rf.a6a14853dee034526aae54c3359f8701.jpg,4000,3000,human,2123,2450,2211,2511
train_ZRI_3020_JPG.rf.a6a14853dee034526aae54c3359f8701.jpg,4000,3000,human,1925,2800,2023,2917
train_ZRI_3020_JPG.rf.a6a14853dee034526aae54c3359f8701.jpg,4000,3000,human,3136,2604,3187,2655
train_ZRI_3020_JPG.rf.a6a14853dee034526aae54c3359f8701.jpg,4000,3000,human,2961,2103,3057,2206
train_VRD_0095_JPG.rf.a5bf9793c05e2faec236db87d423c47b.jpg,4000,3000,human,83,408,226,484
train_JAS_0127_JPG.rf.a61958ee115c9d5f7ea36b2d0a7605f2.jpg,4000,3000,human,2443,95,2491,151
train_JAS_0127_JPG.rf.a61958ee115c9d5f7ea36b2d0a7605f2.jpg,4000,3000,human,601,1105,669,1157
train_BRK_2124_JPG.rf.a6968e828210b243aadee1b81bcfc3f8.jpg,4000,3000,human,1440,664,1493,742
train_BRK_2124_JPG.rf.a6968e828210b243aadee1b81bcfc3f8.jpg,4000,3000,human,2377,920,2428,985
train_BRA_1064_JPG.rf.a61f92878b8e9b03446b28f0670d5cd0.jpg,4000,3000,human,2713,1676,2750,1711
train_MED_3008_JPG.rf.a67e671750acbf9d7361acf9e5458f9e.jpg,4000,3000,human,2325,2294,2402,2398
train_MED_3008_JPG.rf.a67e671750acbf9d7361acf9e5458f9e.jpg,4000,3000,human,1685,2219,1760,2263
train_MED_3008_JPG.rf.a67e671750acbf9d7361acf9e5458f9e.jpg,4000,3000,human,2338,119,2395,222
train_GOR_2040_JPG.rf.0144d78e6a1bb29c19b0d247495b3054.jpg,4000,3000,human,398,269,500,337
train_GOR_2040_JPG.rf.0144d78e6a1bb29c19b0d247495b3054.jpg,4000,3000,human,1883,0,1951,65
train_BRK_2106_JPG.rf.0389cf8cc39776b52afdb1644f00967e.jpg,4000,3000,human,2251,1072,2318,1127
train_BRK_2106_JPG.rf.0389cf8cc39776b52afdb1644f00967e.jpg,4000,3000,human,2110,2339,2195,2503
train_BLA_0012_JPG.rf.00401984fe7586ab9897edc9c14daae4.jpg,4000,3000,human,1478,2134,1542,2228
train_ZRI_2007_JPG.rf.0271b45304cf289e04f25c1a973f5e55.jpg,4000,3000,human,691,1033,800,1094
train_ZRI_2007_JPG.rf.0271b45304cf289e04f25c1a973f5e55.jpg,4000,3000,human,870,1012,947,1058
train_ZRI_2007_JPG.rf.0271b45304cf289e04f25c1a973f5e55.jpg,4000,3000,human,798,917,878,981
train_ZRI_2007_JPG.rf.0271b45304cf289e04f25c1a973f5e55.jpg,4000,3000,human,858,930,944,980
train_ZRI_2007_JPG.rf.0271b45304cf289e04f25c1a973f5e55.jpg,4000,3000,human,796,771,864,812
train_ZRI_2007_JPG.rf.0271b45304cf289e04f25c1a973f5e55.jpg,4000,3000,human,739,810,793,848
train_ZRI_2007_JPG.rf.0271b45304cf289e04f25c1a973f5e55.jpg,4000,3000,human,914,740,996,830
train_ZRI_2007_JPG.rf.0271b45304cf289e04f25c1a973f5e55.jpg,4000,3000,human,1025,756,1083,808
train_BRS_0057_JPG.rf.039a1fa78121e38c4979b281b74efbde.jpg,4000,3000,human,2772,92,2822,167
train_BRS_0057_JPG.rf.039a1fa78121e38c4979b281b74efbde.jpg,4000,3000,human,1952,2079,1981,2119
train_ZRI_2016_JPG.rf.009995941dbf4f2e0763fe5905e23d0d.jpg,4000,3000,human,3592,806,3687,856
train_ZRI_2016_JPG.rf.009995941dbf4f2e0763fe5905e23d0d.jpg,4000,3000,human,3604,766,3700,811
train_ZRI_2016_JPG.rf.009995941dbf4f2e0763fe5905e23d0d.jpg,4000,3000,human,747,1560,810,1599
train_ZRI_2016_JPG.rf.009995941dbf4f2e0763fe5905e23d0d.jpg,4000,3000,human,1648,809,1674,869
train_MED_3038_JPG.rf.038db92be26459f9bf8f26dec28428d1.jpg,4000,3000,human,1270,2526,1333,2586
train_MED_3038_JPG.rf.038db92be26459f9bf8f26dec28428d1.jpg,4000,3000,human,1534,588,1580,647
train_MED_3038_JPG.rf.038db92be26459f9bf8f26dec28428d1.jpg,4000,3000,human,1445,1014,1487,1070
train_MED_3038_JPG.rf.038db92be26459f9bf8f26dec28428d1.jpg,4000,3000,human,1510,987,1545,1038

train_ZRI_3011_JPG.rf.0145cebe964b75be03c4b63a47048dd3.jpg,4000,3000,human,2527,1000,2581,1050
train_ZRI_3011_JPG.rf.0145cebe964b75be03c4b63a47048dd3.jpg,4000,3000,human,2836,1366,2908,1438
train_ZRI_3011_JPG.rf.0145cebe964b75be03c4b63a47048dd3.jpg,4000,3000,human,2528,1627,2612,1678
train_ZRI_3011_JPG.rf.0145cebe964b75be03c4b63a47048dd3.jpg,4000,3000,human,2773,1950,2828,2029
train_ZRI_3011_JPG.rf.0145cebe964b75be03c4b63a47048dd3.jpg,4000,3000,human,3461,2433,3520,2508
train_ZRI_3011_JPG.rf.0145cebe964b75be03c4b63a47048dd3.jpg,4000,3000,human,3541,2458,3629,2524
train_ZRI_3011_JPG.rf.0145cebe964b75be03c4b63a47048dd3.jpg,4000,3000,human,3700,1387,3814,1438
train_JAS_0177_JPG.rf.00064b7bb89222d4944b470aa47aa95c.jpg,4000,3000,human,2391,1786,2443,1827
train_JAS_0170_JPG.rf.0274325469f4c76f037d1692c6dc3aea.jpg,4000,3000,human,1888,2673,1942,2737



train_JAS_0070_JPG.rf.03980dc1829e168145252aaebf4eee75.jpg,4000,3000,human,132,2363,189,2412


train_ZRI_2083_JPG.rf.0428e51731e98dcd93cc1bb05ea7dcd0.jpg,4000,3000,human,1897,1836,1960,1889
train_ZRI_2083_JPG.rf.0428e51731e98dcd93cc1bb05ea7dcd0.jpg,4000,3000,human,2084,1783,2128,1828
train_ZRI_2083_JPG.rf.0428e51731e98dcd93cc1bb05ea7dcd0.jpg,4000,3000,human,2084,1929,2129,1976
train_ZRI_2083_JPG.rf.0428e51731e98dcd93cc1bb05ea7dcd0.jpg,4000,3000,human,1820,1811,1862,1860
train_ZRI_2083_JPG.rf.0428e51731e98dcd93cc1bb05ea7dcd0.jpg,4000,3000,human,1806,1724,1868,1765
train_ZRI_2083_JPG.rf.0428e51731e98dcd93cc1bb05ea7dcd0.jpg,4000,3000,human,1826,1635,1877,1682
train_ZRI_2083_JPG.rf.0428e51731e98dcd93cc1bb05ea7dcd0.jpg,4000,3000,human,1600,1735,1668,1790
train_ZRI_2083_JPG.rf.0428e51731e98dcd93cc1bb05ea7dcd0.jpg,4000,3000,human,1933,1618,1989,1655
train_ZRI_2083_JPG.rf.0428e51731e98dcd93cc1bb05ea7dcd0.jpg,4000,3000,human,1525,1014,1577,1065
train_SB_0014_JPG.rf.00120adc523324bab8d29f40ad1000c4.jpg,4000,3000,human,688,1578,732,1639
train_SB_0014_JPG.rf.00120adc523324bab8d29f40ad1000c4.jpg,4000,3000,human,1925,1735,1989,1804

train_BRK_2107_JPG.rf.029efa2819f915944dfd767abd8ec79c.jpg,4000,3000,human,2255,1073,2319,1125
train_BRK_2107_JPG.rf.029efa2819f915944dfd767abd8ec79c.jpg,4000,3000,human,2106,2345,2190,2500

train_CAP_0004_JPG.rf.03fca068d6ad42ba5ad2fced52940994.jpg,4000,3000,human,1793,1373,1857,1471
train_CAP_0004_JPG.rf.03fca068d6ad42ba5ad2fced52940994.jpg,4000,3000,human,2188,1092,2249,1217

train_TRS_0017_JPG.rf.0520dfe16f855251123867aebee37898.jpg,4000,3000,human,1442,2641,1486,2699
train_TRS_0017_JPG.rf.0520dfe16f855251123867aebee37898.jpg,4000,3000,human,1261,1534,1307,1565
train_BRK_2020_JPG.rf.04a087b68360c1b1dfd10c85f2aa9899.jpg,4000,3000,human,1925,2349,1976,2400
train_VRD_0085_JPG.rf.0148fef1650b514cefed931837eb196f.jpg,4000,3000,human,1431,335,1482,388
train_VRD_2035_JPG.rf.03c75b07263029cff544512a0fa97fe6.jpg,4000,3000,human,2086,1551,2223,1608
train_VRD_2035_JPG.rf.03c75b07263029cff544512a0fa97fe6.jpg,4000,3000,human,2083,2437,2174,2559


train_JAS_0166_JPG.rf.050b9cd7d84dd955688a577a37c8803b.jpg,4000,3000,human,2376,1465,2416,1508


train_TRS_0046_JPG.rf.055ea666874b527632f0cc5bf12be542.jpg,4000,3000,human,1225,256,1263,294
train_TRS_0046_JPG.rf.055ea666874b527632f0cc5bf12be542.jpg,4000,3000,human,949,2194,995,2237
train_TRS_0046_JPG.rf.055ea666874b527632f0cc5bf12be542.jpg,4000,3000,human,2610,2586,2654,2645
train_SB_0026_JPG.rf.05b8eafa457ee165d06ac224b7366349.jpg,4000,3000,human,2207,1562,2243,1591
train_SB_0026_JPG.rf.05b8eafa457ee165d06ac224b7366349.jpg,4000,3000,human,2280,2130,2313,2166
train_SB_0026_JPG.rf.05b8eafa457ee165d06ac224b7366349.jpg,4000,3000,human,2332,2786,2370,2848


train_BRS_0063_JPG.rf.0694dcb2abc9286ba85abe8c5b9acd0c.jpg,4000,3000,human,2720,289,2761,354
train_BRS_0063_JPG.rf.0694dcb2abc9286ba85abe8c5b9acd0c.jpg,4000,3000,human,2062,1788,2108,1823
train_TRS_0007_JPG.rf.0621f11c3af52e9b72e57e84fd51fd93.jpg,4000,3000,human,513,1250,582,1289
train_TRS_0007_JPG.rf.0621f11c3af52e9b72e57e84fd51fd93.jpg,4000,3000,human,1635,1766,1667,1808

train_BRA_1052_JPG.rf.061aaa837bfd1b53584448299025c11a.jpg,4000,3000,human,1810,1628,1856,1665
train_VRD_3083_JPG.rf.0735b6060b4763f1e672a808b83fed9e.jpg,4000,3000,human,2219,791,2252,856

train_SB_0022_JPG.rf.077caae1bddc4699dda67a2214ca7890.jpg,4000,3000,human,2181,1771,2224,1800
train_SB_0022_JPG.rf.077caae1bddc4699dda67a2214ca7890.jpg,4000,3000,human,1763,2328,1791,2372
train_TRS_0002_JPG.rf.07ce34e11f90169f94f3d6880b8e88aa.jpg,4000,3000,human,2046,1783,2085,1816
train_TRS_0002_JPG.rf.07ce34e11f90169f94f3d6880b8e88aa.jpg,4000,3000,human,1792,1219,1826,1252
train_TRS_0002_JPG.rf.07ce34e11f90169f94f3d6880b8e88aa.jpg,4000,3000,human,1807,886,1850,920
train_TRS_0002_JPG.rf.07ce34e11f90169f94f3d6880b8e88aa.jpg,4000,3000,human,2783,1550,2814,1583
train_ZRI_2030_JPG.rf.07d8ad22fd28af3bfcc8be9531a4baac.jpg,4000,3000,human,1371,197,1432,271
train_ZRI_2030_JPG.rf.07d8ad22fd28af3bfcc8be9531a4baac.jpg,4000,3000,human,2254,1534,2333,1596
train_ZRI_2030_JPG.rf.07d8ad22fd28af3bfcc8be9531a4baac.jpg,4000,3000,human,2356,1519,2421,1583
train_BRK_2059_JPG.rf.07b48f64214cc18a4a335482b32979bd.jpg,4000,3000,human,1553,1778,1654,1837
train_BRK_2059_JPG.rf.07b48f64214cc18a4a335482b32979bd.jpg,4000,3000,human,3241,1544,3341,1632



train_GOR_2012_JPG.rf.0819dd3f2447c4cf7468545f7b498b79.jpg,4000,3000,human,2319,309,2371,363

train_MED_3058_JPG.rf.08349a7bb408998db481ea269ee10d52.jpg,4000,3000,human,537,265,609,324

train_CAP_0003_JPG.rf.088103ed8ff6beea23a026e665c98307.jpg,4000,3000,human,1807,1383,1867,1489
train_CAP_0003_JPG.rf.088103ed8ff6beea23a026e665c98307.jpg,4000,3000,human,2214,1116,2256,1156
train_BRK_1014_JPG.rf.08e9149af4d0b459c56848034993b798.jpg,4000,3000,human,986,2709,1035,2752
train_BRK_1014_JPG.rf.08e9149af4d0b459c56848034993b798.jpg,4000,3000,human,2114,1906,2147,1962
train_RAK_0065_JPG.rf.08b7d2dcad9bb89de74a8627df8fe936.jpg,4000,3000,human,1503,1137,1559,1199
train_ZRI_2078_JPG.rf.0913b740d78f8b8c8256ffcccbb81f38.jpg,4000,3000,human,1564,1185,1630,1238
train_ZRI_2078_JPG.rf.0913b740d78f8b8c8256ffcccbb81f38.jpg,4000,3000,human,1484,1091,1529,1165
train_ZRI_2078_JPG.rf.0913b740d78f8b8c8256ffcccbb81f38.jpg,4000,3000,human,1629,1115,1681,1169
train_ZRI_2078_JPG.rf.0913b740d78f8b8c8256ffcccbb81f38.jpg,4000,3000,human,2092,597,2130,663
train_ZRI_2078_JPG.rf.0913b740d78f8b8c8256ffcccbb81f38.jpg,4000,3000,human,2138,591,2173,637
train_ZRI_2078_JPG.rf.0913b740d78f8b8c8256ffcccbb81f38.jpg,4000,3000,human,2637,1034,2692,1082
train_ZRI_2078_JPG.rf.0913b740d78f8b8c8256ffcccbb81f38.jpg,4000,3000,human,2547,1792,2590,1841
train_ZRI_2078_JPG.rf.0913b740d78f8b8c8256ffcccbb81f38.jpg,4000,3000,human,2525,1856,2579,1891
train_ZRI_2078_JPG.rf.0913b740d78f8b8c8256ffcccbb81f38.jpg,4000,3000,human,2512,1887,2579,1932
train_ZRI_2078_JPG.rf.0913b740d78f8b8c8256ffcccbb81f38.jpg,4000,3000,human,2536,1827,2577,1856
train_ZRI_2078_JPG.rf.0913b740d78f8b8c8256ffcccbb81f38.jpg,4000,3000,human,3738,436,3811,487
train_VRD_0056_JPG.rf.08e5294497180868c54286db3d4d293f.jpg,4000,3000,human,442,767,510,810
train_VRD_0110_JPG.rf.084ec6abb67fee0baed45fb1072690c7.jpg,4000,3000,human,2382,529,2423,598
train_VRD_3123_JPG.rf.08c2808f59e2b06aee1ca21edbfaac28.jpg,4000,3000,human,1083,1418,1183,1482
train_JAS_0069_JPG.rf.0909370e64598bf9dfc632c7128f98c7.jpg,4000,3000,human,111,1813,166,1852
train_BRK_2035_JPG.rf.0935eea1101cc5b74876f527801d02a2.jpg,4000,3000,human,1566,1465,1616,1519
train_BRK_2035_JPG.rf.0935eea1101cc5b74876f527801d02a2.jpg,4000,3000,human,2331,1651,2380,1699

train_GOR_1074_JPG.rf.094d49c52cee08ce42ab6b924cbaecd0.jpg,4000,3000,human,245,1247,407,1325
train_GOR_1074_JPG.rf.094d49c52cee08ce42ab6b924cbaecd0.jpg,4000,3000,human,845,242,935,335
train_GOR_2065_JPG.rf.0972e5436ef61ca80cfd5a74f4790cf5.jpg,4000,3000,human,2720,2831,2793,2910
train_GOR_2065_JPG.rf.0972e5436ef61ca80cfd5a74f4790cf5.jpg,4000,3000,human,2160,2213,2227,2281
train_GOR_2065_JPG.rf.0972e5436ef61ca80cfd5a74f4790cf5.jpg,4000,3000,human,2318,2130,2368,2165
train_GOR_2065_JPG.rf.0972e5436ef61ca80cfd5a74f4790cf5.jpg,4000,3000,human,2353,2178,2435,2266
train_GOR_2065_JPG.rf.0972e5436ef61ca80cfd5a74f4790cf5.jpg,4000,3000,human,2024,2228,2078,2268
train_GOR_2065_JPG.rf.0972e5436ef61ca80cfd5a74f4790cf5.jpg,4000,3000,human,2502,2329,2569,2380
train_GOR_2065_JPG.rf.0972e5436ef61ca80cfd5a74f4790cf5.jpg,4000,3000,human,2183,1277,2244,1331
train_GOR_2065_JPG.rf.0972e5436ef61ca80cfd5a74f4790cf5.jpg,4000,3000,human,2240,1196,2280,1238
train_GOR_2065_JPG.rf.0972e5436ef61ca80cfd5a74f4790cf5.jpg,4000,3000,human,2093,2020,2153,2078
train_MED_4066_JPG.rf.096282eb163429277757428005c6eb6e.jpg,4000,3000,human,839,502,919,586
train_MED_4066_JPG.rf.096282eb163429277757428005c6eb6e.jpg,4000,3000,human,681,714,767,783
train_MED_4066_JPG.rf.096282eb163429277757428005c6eb6e.jpg,4000,3000,human,3440,671,3532,730
train_MED_4066_JPG.rf.096282eb163429277757428005c6eb6e.jpg,4000,3000,human,3654,1349,3735,1392





train_GOR_2038_JPG.rf.0b8a3461ff4fef7bf50f3138b881db3b.jpg,4000,3000,human,3284,846,3345,906
train_BRK_2110_JPG.rf.0ab0996c6ba2e42255b61e562608dc26.jpg,4000,3000,human,1675,531,1755,687
train_BRK_2110_JPG.rf.0ab0996c6ba2e42255b61e562608dc26.jpg,4000,3000,human,1422,1884,1501,1928
train_TRS_0037_JPG.rf.0aebdffbf8313003fd6128529668a8a1.jpg,4000,3000,human,852,2202,907,2256
train_TRS_0037_JPG.rf.0aebdffbf8313003fd6128529668a8a1.jpg,4000,3000,human,1509,616,1552,649
train_GOR_3025_JPG.rf.0aa6b78cafd615c864e46541e745a2f7.jpg,4000,3000,human,1365,621,1409,736
train_GOR_3025_JPG.rf.0aa6b78cafd615c864e46541e745a2f7.jpg,4000,3000,human,2540,1099,2603,1171
train_ZRI_2057_JPG.rf.0c4f423574969d9c5181b0c116f0202f.jpg,4000,3000,human,512,1627,598,1675
train_ZRI_2057_JPG.rf.0c4f423574969d9c5181b0c116f0202f.jpg,4000,3000,human,1003,1005,1076,1069
train_ZRI_2057_JPG.rf.0c4f423574969d9c5181b0c116f0202f.jpg,4000,3000,human,948,1054,1039,1127


train_MED_4045_JPG.rf.0c47a725fb509d9e0fae21970dd68d88.jpg,4000,3000,human,2318,2008,2368,2056
train_MED_4045_JPG.rf.0c47a725fb509d9e0fae21970dd68d88.jpg,4000,3000,human,2176,1160,2274,1265

train_ZRI_2040_JPG.rf.0d4298b14aa71e90cfa8c6b5bfff5ad4.jpg,4000,3000,human,3079,1542,3164,1582
train_ZRI_2040_JPG.rf.0d4298b14aa71e90cfa8c6b5bfff5ad4.jpg,4000,3000,human,2345,514,2394,581
train_GOR_2039_JPG.rf.0d5db2d578b8711cc37afb7ffef6a90d.jpg,4000,3000,human,3414,927,3513,985

train_BLA_0004_JPG.rf.0e58b3ac1ac76703aec77075b4b5cfc4.jpg,4000,3000,human,3481,1190,3540,1274
train_BLA_0004_JPG.rf.0e58b3ac1ac76703aec77075b4b5cfc4.jpg,4000,3000,human,359,1740,414,1783
train_BLA_0004_JPG.rf.0e58b3ac1ac76703aec77075b4b5cfc4.jpg,4000,3000,human,2657,2826,2705,2898
train_BRK_2085_JPG.rf.0e33e8839008ed3a72478116480202b7.jpg,4000,3000,human,2271,2317,2321,2367
train_BRK_2085_JPG.rf.0e33e8839008ed3a72478116480202b7.jpg,4000,3000,human,2452,2427,2511,2492
train_VRD_0062_JPG.rf.0d4237aa244e5746319ac927145eb797.jpg,4000,3000,human,453,1201,500,1237
train_VRD_0066_JPG.rf.0df9db489fcf9bcb720319e766a7ab03.jpg,4000,3000,human,349,2568,425,2616

train_MED_4067_JPG.rf.0e86af1de2e28f581bf6c445e5455d1f.jpg,4000,3000,human,1125,901,1194,972
train_MED_4067_JPG.rf.0e86af1de2e28f581bf6c445e5455d1f.jpg,4000,3000,human,1181,799,1248,862
train_MED_4067_JPG.rf.0e86af1de2e28f581bf6c445e5455d1f.jpg,4000,3000,human,3671,2401,3746,2455
train_MED_4067_JPG.rf.0e86af1de2e28f581bf6c445e5455d1f.jpg,4000,3000,human,3708,1707,3803,1760


train_JAS_0154_JPG.rf.0e5e601a95fa4a6c4174320e542cf416.jpg,4000,3000,human,2700,2549,2758,2576
train_ZRI_3031_JPG.rf.0f65291e7e76777d08136031126775b8.jpg,4000,3000,human,1985,989,2063,1040
train_ZRI_3031_JPG.rf.0f65291e7e76777d08136031126775b8.jpg,4000,3000,human,2392,811,2461,851
train_ZRI_3031_JPG.rf.0f65291e7e76777d08136031126775b8.jpg,4000,3000,human,2783,799,2863,861
train_ZRI_3031_JPG.rf.0f65291e7e76777d08136031126775b8.jpg,4000,3000,human,2989,360,3066,455
train_ZRI_3031_JPG.rf.0f65291e7e76777d08136031126775b8.jpg,4000,3000,human,3230,448,3323,537
train_ZRI_3031_JPG.rf.0f65291e7e76777d08136031126775b8.jpg,4000,3000,human,3291,587,3385,644
train_ZRI_3031_JPG.rf.0f65291e7e76777d08136031126775b8.jpg,4000,3000,human,3255,714,3324,756
train_ZRI_3031_JPG.rf.0f65291e7e76777d08136031126775b8.jpg,4000,3000,human,3261,746,3347,802
train_ZRI_3031_JPG.rf.0f65291e7e76777d08136031126775b8.jpg,4000,3000,human,3239,646,3333,712
train_ZRI_3031_JPG.rf.0f65291e7e76777d08136031126775b8.jpg,4000,3000,human,3325,646,3371,712
train_ZRI_3031_JPG.rf.0f65291e7e76777d08136031126775b8.jpg,4000,3000,human,2139,106,2198,182
train_ZRI_3031_JPG.rf.0f65291e7e76777d08136031126775b8.jpg,4000,3000,human,2178,20,2243,75
train_ZRI_3031_JPG.rf.0f65291e7e76777d08136031126775b8.jpg,4000,3000,human,1993,39,2037,109
train_ZRI_3031_JPG.rf.0f65291e7e76777d08136031126775b8.jpg,4000,3000,human,1971,1643,2123,1710
train_ZRI_3031_JPG.rf.0f65291e7e76777d08136031126775b8.jpg,4000,3000,human,2771,1615,2833,1658
train_ZRI_3031_JPG.rf.0f65291e7e76777d08136031126775b8.jpg,4000,3000,human,2624,1118,2700,1188
train_ZRI_3031_JPG.rf.0f65291e7e76777d08136031126775b8.jpg,4000,3000,human,385,563,471,635
train_ZRI_3031_JPG.rf.0f65291e7e76777d08136031126775b8.jpg,4000,3000,human,346,486,433,538
train_ZRI_3031_JPG.rf.0f65291e7e76777d08136031126775b8.jpg,4000,3000,human,3071,1460,3155,1533
train_RAK_0025_JPG.rf.0fb5fee676623e89cca218079f522283.jpg,4000,3000,human,747,2306,812,2371



train_JAS_0090_JPG.rf.0fe7e9bec7af3f19c3bdafb9dcfc3625.jpg,4000,3000,human,2434,625,2527,694
train_VRD_0096_JPG.rf.1056c8191e5fe9f6ac78ab1e22958cf9.jpg,4000,3000,human,61,824,199,899

train_ZRI_2074_JPG.rf.12079bd45e3b61613b812cc034cce23c.jpg,4000,3000,human,3529,2849,3619,2925
train_ZRI_2074_JPG.rf.12079bd45e3b61613b812cc034cce23c.jpg,4000,3000,human,2828,635,2894,689
train_ZRI_2074_JPG.rf.12079bd45e3b61613b812cc034cce23c.jpg,4000,3000,human,537,1157,592,1193
train_ZRI_2074_JPG.rf.12079bd45e3b61613b812cc034cce23c.jpg,4000,3000,human,589,1155,645,1189
train_JAS_0057_JPG.rf.0fd2b5e978acb0e3a7fdc7d0f2c28583.jpg,4000,3000,human,0,467,99,545


train_ZRI_2075_JPG.rf.12d4aed726d34c47c21bb56e6cfccf0e.jpg,4000,3000,human,1815,632,1871,692
train_ZRI_2075_JPG.rf.12d4aed726d34c47c21bb56e6cfccf0e.jpg,4000,3000,human,240,1361,327,1413
train_TRS_0028_JPG.rf.124dbcaf2d9e158f8b7ec464a02eeab1.jpg,4000,3000,human,978,2483,1026,2539
train_TRS_0028_JPG.rf.124dbcaf2d9e158f8b7ec464a02eeab1.jpg,4000,3000,human,1351,775,1392,812
train_BRS_0058_JPG.rf.131d648cc1c6a9e3c766805e754bce54.jpg,4000,3000,human,2779,104,2825,175
train_BRS_0058_JPG.rf.131d648cc1c6a9e3c766805e754bce54.jpg,4000,3000,human,1861,1960,1891,2000
train_JAS_0094_JPG.rf.132ac622ce2df330a6284de8344a1638.jpg,4000,3000,human,2629,2260,2682,2311
train_SB_0027_JPG.rf.13595d767cf7b584eac4809cee99c864.jpg,4000,3000,human,2175,1583,2212,1610
train_SB_0027_JPG.rf.13595d767cf7b584eac4809cee99c864.jpg,4000,3000,human,1840,2159,1877,2196
train_SB_0027_JPG.rf.13595d767cf7b584eac4809cee99c864.jpg,4000,3000,human,2332,2751,2374,2809

train_SB_0017_JPG.rf.1336dc7cb69e94598c5bac65504d917d.jpg,4000,3000,human,1225,1497,1272,1552
train_SB_0017_JPG.rf.1336dc7cb69e94598c5bac65504d917d.jpg,4000,3000,human,2232,1500,2280,1556

train_BRK_1003_JPG.rf.1452c86ee50583afe5192a2d78b9d4b4.jpg,4000,3000,human,1005,2765,1056,2816
train_BRK_1003_JPG.rf.1452c86ee50583afe5192a2d78b9d4b4.jpg,4000,3000,human,2074,1991,2113,2041

train_GOR_3010_JPG.rf.146f19a9af83254d3f7161fbe8b2a34f.jpg,4000,3000,human,1065,393,1124,489
train_GOR_3010_JPG.rf.146f19a9af83254d3f7161fbe8b2a34f.jpg,4000,3000,human,2088,709,2129,750



train_BRS_0050_JPG.rf.15d25e0e19ac9fc374e37aae482df161.jpg,4000,3000,human,1810,2032,1858,2065
train_BRS_0050_JPG.rf.15d25e0e19ac9fc374e37aae482df161.jpg,4000,3000,human,2800,137,2844,211



train_JAS_0158_JPG.rf.160bc49be3316a9a7315299c372e79ba.jpg,4000,3000,human,3573,697,3643,752
train_JAS_0158_JPG.rf.160bc49be3316a9a7315299c372e79ba.jpg,4000,3000,human,2090,86,2133,125


train_GOR_3018_JPG.rf.167d69873a45d19f83e3aa9651723a1c.jpg,4000,3000,human,1080,500,1122,544
train_GOR_3018_JPG.rf.167d69873a45d19f83e3aa9651723a1c.jpg,4000,3000,human,2285,1037,2344,1097

train_BRK_2071_JPG.rf.17e2bfa8961c430b73a750caa98fe067.jpg,4000,3000,human,1899,1031,1985,1128
train_BRK_2071_JPG.rf.17e2bfa8961c430b73a750caa98fe067.jpg,4000,3000,human,1016,2472,1075,2553
train_RAK_0028_JPG.rf.165b769fefbb86fd6947c5c42f79432c.jpg,4000,3000,human,641,892,719,957
train_JAS_0152_JPG.rf.181481b0063192dd41bb3e6eca76e9b0.jpg,4000,3000,human,1543,2780,1603,2843
train_JAS_0152_JPG.rf.181481b0063192dd41bb3e6eca76e9b0.jpg,4000,3000,human,2825,1766,2863,1804



train_MED_4046_JPG.rf.184809e69d4d1768da3a2cf9cd6b4054.jpg,4000,3000,human,2237,1871,2330,1966
train_MED_4046_JPG.rf.184809e69d4d1768da3a2cf9cd6b4054.jpg,4000,3000,human,2379,2696,2428,2760

train_CAP_0048_JPG.rf.18805c512d0047cc466ea98e772d1bfe.jpg,4000,3000,human,1381,1868,1443,1906
train_CAP_0006_JPG.rf.18d88b8c7dc219252e5e28a886b93a81.jpg,4000,3000,human,378,1849,446,1885

train_BRK_2017_JPG.rf.18e23f99171972e9bcaf018500b7c3f4.jpg,4000,3000,human,1825,1738,1868,1822
train_BRK_2017_JPG.rf.18e23f99171972e9bcaf018500b7c3f4.jpg,4000,3000,human,1353,1987,1399,2053
train_VRD_0027_JPG.rf.18a2a430712a244152f600051dbe3408.jpg,4000,3000,human,2618,802,2660,844
train_TRS_0032_JPG.rf.1965ea33274861b75f205c93f18c6abd.jpg,4000,3000,human,680,1987,744,2039
train_TRS_0032_JPG.rf.1965ea33274861b75f205c93f18c6abd.jpg,4000,3000,human,1683,555,1716,611
train_JAS_0067_JPG.rf.1935dbb7a0e9108a46132e4005514697.jpg,4000,3000,human,1032,2001,1074,2061
train_MED_4061_JPG.rf.1949c9687bd2027e8661a4e059d84e00.jpg,4000,3000,human,601,2942,681,2999
train_JAS_0108_JPG.rf.1945bf1c4a6a44e0bda16d24786bd81b.jpg,4000,3000,human,1909,1331,1984,1402



train_VRD_0059_JPG.rf.1a0654f08bd0bfa3d094a69f6e5b968d.jpg,4000,3000,human,383,1286,455,1322





train_BRK_2015_JPG.rf.1a650a6854a282c47e6c5a065a75117b.jpg,4000,3000,human,1347,1986,1391,2055
train_BRK_2015_JPG.rf.1a650a6854a282c47e6c5a065a75117b.jpg,4000,3000,human,1868,1575,1907,1651

train_SB_0012_JPG.rf.1a964492ef52d24ee3d569514cc987ff.jpg,4000,3000,human,1979,1453,2053,1503
train_SB_0012_JPG.rf.1a964492ef52d24ee3d569514cc987ff.jpg,4000,3000,human,913,2114,963,2160
train_GOR_2053_JPG.rf.1b56d3e96e57fddcd449aa438f2979a5.jpg,4000,3000,human,250,665,307,718


train_RAK_0067_JPG.rf.1ae914dd7279af54c8eeb2213bf659a8.jpg,4000,3000,human,1449,2813,1493,2852

train_BRK_1019_JPG.rf.1c56a3562c402e1c0e420e645cd533fc.jpg,4000,3000,human,1783,2215,1829,2298
train_GOR_2059_JPG.rf.1c78cc41c7ae197ae9374891e823cc5c.jpg,4000,3000,human,1628,533,1688,605
train_GOR_2059_JPG.rf.1c78cc41c7ae197ae9374891e823cc5c.jpg,4000,3000,human,1986,2074,2030,2126
train_GOR_2014_JPG.rf.1c2a38ee4a1d75d32d0350526817ae8e.jpg,4000,3000,human,1620,2696,1675,2772
train_GOR_2014_JPG.rf.1c2a38ee4a1d75d32d0350526817ae8e.jpg,4000,3000,human,1534,2874,1586,2958
train_VRD_0015_JPG.rf.1bb22434ea36f5efb552a50f975b3686.jpg,4000,3000,human,2391,2078,2448,2132
train_GOR_1064_JPG.rf.1af726db1d82e709cfac2a5f1d299f62.jpg,4000,3000,human,115,425,237,515
train_VRD_2011_JPG.rf.1be6e26687b9a6caacd17c83b6e6df45.jpg,4000,3000,human,2757,2115,2842,2191
train_VRD_2011_JPG.rf.1be6e26687b9a6caacd17c83b6e6df45.jpg,4000,3000,human,3099,1235,3205,1300
train_JAS_0134_JPG.rf.1c758dc137043a2e34ac9e0bffd8b150.jpg,4000,3000,human,2835,2417,2884,2535
train_BRA_1038_JPG.rf.1c99c5ef488e4cd6421c81b8a6963198.jpg,4000,3000,human,615,1980,698,2038
train_SB_0024_JPG.rf.1d03d36777a0ed206442d8678da5af56.jpg,4000,3000,human,2217,1599,2256,1622
train_SB_0024_JPG.rf.1d03d36777a0ed206442d8678da5af56.jpg,4000,3000,human,1805,2153,1834,2194
train_SB_0024_JPG.rf.1d03d36777a0ed206442d8678da5af56.jpg,4000,3000,human,2318,2828,2350,2891
train_RAK_0078_JPG.rf.1cf776d177d1959543389cea75e7d462.jpg,4000,3000,human,1223,1501,1288,1561


train_VRD_0014_JPG.rf.1df59f488dbeb1cefd9549c912f1be7d.jpg,4000,3000,human,2396,1652,2445,1688
train_GOR_3019_JPG.rf.1db5b41eb886ddbd4539fa06e125a4fa.jpg,4000,3000,human,1076,521,1114,563
train_GOR_3019_JPG.rf.1db5b41eb886ddbd4539fa06e125a4fa.jpg,4000,3000,human,2910,1032,2974,1099

train_GOR_3045_JPG.rf.1dfcda7c8e3a9ca8cb21ccd25efa562a.jpg,4000,3000,human,1304,1292,1368,1372
train_GOR_3045_JPG.rf.1dfcda7c8e3a9ca8cb21ccd25efa562a.jpg,4000,3000,human,1034,1946,1083,1993
train_JAS_0157_JPG.rf.1e230c840780da0b2df0937055f75a24.jpg,4000,3000,human,3647,235,3726,315
train_BRK_2077_JPG.rf.1e04b43e85cd2da96bcda25e342c3dd1.jpg,4000,3000,human,116,1943,173,1979
train_BRK_2077_JPG.rf.1e04b43e85cd2da96bcda25e342c3dd1.jpg,4000,3000,human,91,1922,145,1957
train_BRK_2068_JPG.rf.1e503017f7b568057ebe1830d614a203.jpg,4000,3000,human,2050,1081,2146,1158
train_BRK_2068_JPG.rf.1e503017f7b568057ebe1830d614a203.jpg,4000,3000,human,751,2186,801,2272
train_GOR_3061_JPG.rf.1e76833347c71f06be5531836444daf7.jpg,4000,3000,human,1097,1891,1206,1944
train_GOR_3061_JPG.rf.1e76833347c71f06be5531836444daf7.jpg,4000,3000,human,1458,2110,1518,2184
train_BLA_0002_JPG.rf.1e82cab69709e084d88eed66b0aa2a88.jpg,4000,3000,human,350,1737,425,1780
train_BLA_0002_JPG.rf.1e82cab69709e084d88eed66b0aa2a88.jpg,4000,3000,human,2655,2809,2705,2883
train_BLA_0002_JPG.rf.1e82cab69709e084d88eed66b0aa2a88.jpg,4000,3000,human,3477,1179,3535,1268
train_BRK_2010_JPG.rf.1f532202859410daae0a8bb8ebabf96c.jpg,4000,3000,human,1328,2002,1369,2073
train_BRK_2010_JPG.rf.1f532202859410daae0a8bb8ebabf96c.jpg,4000,3000,human,1823,1583,1867,1663
train_GOR_2009_JPG.rf.1ef12394bf4543711a2594b5b64d2787.jpg,4000,3000,human,2238,2504,2270,2545
train_GOR_2009_JPG.rf.1ef12394bf4543711a2594b5b64d2787.jpg,4000,3000,human,2179,2655,2224,2698
train_GOR_2009_JPG.rf.1ef12394bf4543711a2594b5b64d2787.jpg,4000,3000,human,2175,2302,2218,2351

train_ZRI_3005_JPG.rf.1f1206a886f9dc66b9125bba95293171.jpg,4000,3000,human,1104,1924,1173,1976
train_ZRI_3005_JPG.rf.1f1206a886f9dc66b9125bba95293171.jpg,4000,3000,human,2407,1167,2478,1228
train_ZRI_3005_JPG.rf.1f1206a886f9dc66b9125bba95293171.jpg,4000,3000,human,2742,1237,2812,1314
train_ZRI_3005_JPG.rf.1f1206a886f9dc66b9125bba95293171.jpg,4000,3000,human,2569,709,2655,756
train_ZRI_3005_JPG.rf.1f1206a886f9dc66b9125bba95293171.jpg,4000,3000,human,1735,727,1858,837
train_ZRI_3005_JPG.rf.1f1206a886f9dc66b9125bba95293171.jpg,4000,3000,human,1247,739,1324,805
train_ZRI_3005_JPG.rf.1f1206a886f9dc66b9125bba95293171.jpg,4000,3000,human,1451,854,1586,895
train_ZRI_3005_JPG.rf.1f1206a886f9dc66b9125bba95293171.jpg,4000,3000,human,732,730,818,790
train_ZRI_3005_JPG.rf.1f1206a886f9dc66b9125bba95293171.jpg,4000,3000,human,781,1105,884,1176
train_ZRI_3005_JPG.rf.1f1206a886f9dc66b9125bba95293171.jpg,4000,3000,human,2144,223,2206,285
train_ZRI_3005_JPG.rf.1f1206a886f9dc66b9125bba95293171.jpg,4000,3000,human,2897,541,2956,628
train_ZRI_3005_JPG.rf.1f1206a886f9dc66b9125bba95293171.jpg,4000,3000,human,2585,325,2638,374
train_ZRI_3005_JPG.rf.1f1206a886f9dc66b9125bba95293171.jpg,4000,3000,human,3599,576,3695,658
train_ZRI_3005_JPG.rf.1f1206a886f9dc66b9125bba95293171.jpg,4000,3000,human,3925,31,3999,124
train_ZRI_3005_JPG.rf.1f1206a886f9dc66b9125bba95293171.jpg,4000,3000,human,3935,877,3999,960
train_JAS_0006_JPG.rf.1e6a9983db4d9af0872b118a8a6d4bc4.jpg,4000,3000,human,1598,421,1658,483
train_VRD_3004_JPG.rf.1ee51d86c90fe26ec5175f350c895fc6.jpg,4000,3000,human,864,2059,919,2110

train_VRD_0147_JPG.rf.1e90b733e17fe8c2ccf785a153b8f509.jpg,4000,3000,human,1425,2169,1503,2213
train_VRD_0147_JPG.rf.1e90b733e17fe8c2ccf785a153b8f509.jpg,4000,3000,human,2679,1812,2723,1856



train_VRD_0109_JPG.rf.1f92fcd6b93abd236b279584601d81e3.jpg,4000,3000,human,2343,220,2391,292
train_MED_3012_JPG.rf.1f9c82251589e626071f64a652539f6b.jpg,4000,3000,human,2404,518,2457,625
train_MED_3012_JPG.rf.1f9c82251589e626071f64a652539f6b.jpg,4000,3000,human,2501,829,2545,913
train_GOR_3002_JPG.rf.1f8cd89bb8cd6d07ea10dbacc08fe7e0.jpg,4000,3000,human,1578,1393,1643,1451
train_GOR_3002_JPG.rf.1f8cd89bb8cd6d07ea10dbacc08fe7e0.jpg,4000,3000,human,1589,1363,1632,1399
train_BRK_2105_JPG.rf.1fa1b6097066af683676c7180b15febf.jpg,4000,3000,human,2250,1076,2316,1132
train_BRK_2105_JPG.rf.1fa1b6097066af683676c7180b15febf.jpg,4000,3000,human,2107,2337,2190,2491

train_VRD_0064_JPG.rf.2037dcb0f2d504d6aed706036a38e52d.jpg,4000,3000,human,398,1910,473,1943
train_GOR_3044_JPG.rf.1ffc2a4c385b6082513564e7284556ad.jpg,4000,3000,human,1353,1482,1412,1539
train_GOR_3044_JPG.rf.1ffc2a4c385b6082513564e7284556ad.jpg,4000,3000,human,1020,1935,1070,1978
train_BRA_1031_JPG.rf.20affe9f870066c9afe590ab48410d54.jpg,4000,3000,human,859,95,925,150

train_BRA_1040_JPG.rf.20be8db595c71765a484f4f4ccee67cc.jpg,4000,3000,human,934,2236,986,2282
train_MED_4044_JPG.rf.20e43d028016029fb4f1d6b26968dc40.jpg,4000,3000,human,2265,1330,2314,1389
train_MED_4044_JPG.rf.20e43d028016029fb4f1d6b26968dc40.jpg,4000,3000,human,2125,466,2222,574
train_VRD_0055_JPG.rf.20d4c4c4d2e78bc6448a0fd4ee34c990.jpg,4000,3000,human,445,498,495,531
train_VRD_3122_JPG.rf.20f6e1a0a2a89cbedd140a3e890c08f2.jpg,4000,3000,human,874,2096,986,2162

train_JAS_0086_JPG.rf.2102d27c35396e447ff3726a1be1376a.jpg,4000,3000,human,903,2349,1060,2420
train_BRS_0019_JPG.rf.213ac6008ce94c5f928709ae1a05d628.jpg,4000,3000,human,1152,185,1205,251
train_BRK_2096_JPG.rf.21a6061f49d67125ad2682353766d1c3.jpg,4000,3000,human,2930,1091,3006,1159
train_BRK_2096_JPG.rf.21a6061f49d67125ad2682353766d1c3.jpg,4000,3000,human,2728,2443,2814,2542
train_BRK_1002_JPG.rf.221223ea9b66a138e319e9f8a27b0fc5.jpg,4000,3000,human,1009,2781,1059,2826
train_BRK_1002_JPG.rf.221223ea9b66a138e319e9f8a27b0fc5.jpg,4000,3000,human,2073,2002,2112,2055
train_GOR_3026_JPG.rf.21e274edf957fe788b882520d68c3acd.jpg,4000,3000,human,2519,1074,2598,1134
train_GOR_3026_JPG.rf.21e274edf957fe788b882520d68c3acd.jpg,4000,3000,human,1360,628,1403,744
train_GOR_1051_JPG.rf.227b9c6d21748b9d968c638acb3f9fab.jpg,4000,3000,human,2004,539,2068,679
train_BRK_2066_JPG.rf.2238538f440e81a17949c70066777900.jpg,4000,3000,human,819,677,923,739
train_BRK_2066_JPG.rf.2238538f440e81a17949c70066777900.jpg,4000,3000,human,2344,1459,2418,1529
train_GOR_2056_JPG.rf.22686d9e54c9f64485c2877eb3ef0914.jpg,4000,3000,human,1944,921,1988,967
train_TRS_0010_JPG.rf.221671fd64430fe3b4b081ff021ab33e.jpg,4000,3000,human,2645,1117,2697,1158
train_TRS_0010_JPG.rf.221671fd64430fe3b4b081ff021ab33e.jpg,4000,3000,human,1636,1799,1676,1824
train_TRS_0008_JPG.rf.232ace018bd5c74b96e07086d6d91cbb.jpg,4000,3000,human,1613,1783,1654,1816
train_TRS_0008_JPG.rf.232ace018bd5c74b96e07086d6d91cbb.jpg,4000,3000,human,1370,821,1409,881
train_TRS_0044_JPG.rf.233d53f80965b77660944f2a467c03af.jpg,4000,3000,human,1215,256,1258,319
train_TRS_0044_JPG.rf.233d53f80965b77660944f2a467c03af.jpg,4000,3000,human,2629,2618,2677,2676
train_TRS_0044_JPG.rf.233d53f80965b77660944f2a467c03af.jpg,4000,3000,human,952,2219,997,2263

train_GOR_2058_JPG.rf.231d26763f253ba7c579a16099b95ef2.jpg,4000,3000,human,1968,1993,2013,2043
train_GOR_2058_JPG.rf.231d26763f253ba7c579a16099b95ef2.jpg,4000,3000,human,1627,448,1672,511


train_BRK_1021_JPG.rf.239479ca637149e37d5b44f193723f86.jpg,4000,3000,human,1776,2213,1819,2294

train_RAK_0010_JPG.rf.229df832bbffc7c97e6ba9b3ae06fe0f.jpg,4000,3000,human,0,200,93,292
train_GOR_3017_JPG.rf.23cd0065b6a6414d9d6f6d106c55717d.jpg,4000,3000,human,2278,1032,2342,1096
train_GOR_3017_JPG.rf.23cd0065b6a6414d9d6f6d106c55717d.jpg,4000,3000,human,1059,468,1123,551
train_RAK_0027_JPG.rf.23c344dd37c7075de2da6def9a4329ad.jpg,4000,3000,human,618,53,704,148
train_GOR_3054_JPG.rf.23d17b4354830ce4a3740c9b883c6cb4.jpg,4000,3000,human,2539,2444,2585,2492
train_GOR_3054_JPG.rf.23d17b4354830ce4a3740c9b883c6cb4.jpg,4000,3000,human,2289,2650,2351,2706
train_ZRI_3025_JPG.rf.24e6dc5fb04b57dd95f5d600a35c8d6c.jpg,4000,3000,human,710,1815,813,1886
train_ZRI_3025_JPG.rf.24e6dc5fb04b57dd95f5d600a35c8d6c.jpg,4000,3000,human,713,1724,818,1780
train_ZRI_3025_JPG.rf.24e6dc5fb04b57dd95f5d600a35c8d6c.jpg,4000,3000,human,1869,1322,1921,1401
train_ZRI_3025_JPG.rf.24e6dc5fb04b57dd95f5d600a35c8d6c.jpg,4000,3000,human,2042,1266,2090,1341
train_ZRI_3025_JPG.rf.24e6dc5fb04b57dd95f5d600a35c8d6c.jpg,4000,3000,human,2427,1638,2485,1697
train_ZRI_3025_JPG.rf.24e6dc5fb04b57dd95f5d600a35c8d6c.jpg,4000,3000,human,2639,1664,2693,1710
train_ZRI_3025_JPG.rf.24e6dc5fb04b57dd95f5d600a35c8d6c.jpg,4000,3000,human,2564,1726,2629,1805
train_ZRI_3025_JPG.rf.24e6dc5fb04b57dd95f5d600a35c8d6c.jpg,4000,3000,human,3316,1238,3376,1305
train_ZRI_3025_JPG.rf.24e6dc5fb04b57dd95f5d600a35c8d6c.jpg,4000,3000,human,3686,1174,3768,1244
train_ZRI_3025_JPG.rf.24e6dc5fb04b57dd95f5d600a35c8d6c.jpg,4000,3000,human,3781,1551,3883,1644
train_ZRI_3025_JPG.rf.24e6dc5fb04b57dd95f5d600a35c8d6c.jpg,4000,3000,human,3716,2418,3817,2484
train_ZRI_3025_JPG.rf.24e6dc5fb04b57dd95f5d600a35c8d6c.jpg,4000,3000,human,3048,2556,3117,2643
train_ZRI_3025_JPG.rf.24e6dc5fb04b57dd95f5d600a35c8d6c.jpg,4000,3000,human,2635,2462,2706,2568
train_ZRI_3025_JPG.rf.24e6dc5fb04b57dd95f5d600a35c8d6c.jpg,4000,3000,human,2219,2596,2297,2658
train_ZRI_3025_JPG.rf.24e6dc5fb04b57dd95f5d600a35c8d6c.jpg,4000,3000,human,2813,2862,2905,2939
train_ZRI_3025_JPG.rf.24e6dc5fb04b57dd95f5d600a35c8d6c.jpg,4000,3000,human,3685,760,3752,816
train_VRD_2023_JPG.rf.24109f9bceffa53bacee9ea01460d38a.jpg,4000,3000,human,797,2099,919,2182
train_VRD_2023_JPG.rf.24109f9bceffa53bacee9ea01460d38a.jpg,4000,3000,human,1290,1230,1352,1367
train_GOR_1007_JPG.rf.2429d917971f2bf12964f735308124b7.jpg,4000,3000,human,3423,2822,3519,2961
train_GOR_1070_JPG.rf.247a12f3783ce715502fed71d09dce84.jpg,4000,3000,human,1360,1910,1423,1956

train_VRD_3005_JPG.rf.252dbd6f2fdfc29390840c60d2b37d4d.jpg,4000,3000,human,249,1946,307,1994
train_VRD_3005_JPG.rf.252dbd6f2fdfc29390840c60d2b37d4d.jpg,4000,3000,human,1882,1034,1929,1077

train_JAS_0093_JPG.rf.25b0dac5d3d6bd9b1684c364dca885e9.jpg,4000,3000,human,2536,1350,2595,1400
train_VRD_3132_JPG.rf.24f14ed9c78e22337a80fe64266f94d3.jpg,4000,3000,human,3548,1555,3648,1639
train_SB_0005_JPG.rf.25ce1636aa2651d3a8bde17b4606cccb.jpg,4000,3000,human,2356,1639,2401,1721
train_SB_0005_JPG.rf.25ce1636aa2651d3a8bde17b4606cccb.jpg,4000,3000,human,1029,1836,1091,1898


train_VRD_3023_JPG.rf.269ea95df9a911415e218017621bf213.jpg,4000,3000,human,62,296,119,372

train_BRK_2095_JPG.rf.270b036bfed5afaa67de89f598ab1aa2.jpg,4000,3000,human,2958,1057,3052,1118

train_GOR_3011_JPG.rf.274fdeb39637c434c1bf52d419bce7c8.jpg,4000,3000,human,2087,710,2133,752
train_GOR_3011_JPG.rf.274fdeb39637c434c1bf52d419bce7c8.jpg,4000,3000,human,1061,395,1124,494
train_BRK_2007_JPG.rf.277308151211f924120845242d539a12.jpg,4000,3000,human,2596,1704,2652,1792
train_BRK_2007_JPG.rf.277308151211f924120845242d539a12.jpg,4000,3000,human,2027,1958,2068,2029
train_ZRI_2024_JPG.rf.278b899ed67577e2ca292efeb358fc59.jpg,4000,3000,human,975,694,1032,777
train_ZRI_2024_JPG.rf.278b899ed67577e2ca292efeb358fc59.jpg,4000,3000,human,481,692,564,749
train_ZRI_2024_JPG.rf.278b899ed67577e2ca292efeb358fc59.jpg,4000,3000,human,447,832,553,899
train_ZRI_2024_JPG.rf.278b899ed67577e2ca292efeb358fc59.jpg,4000,3000,human,1542,426,1595,489
train_ZRI_2024_JPG.rf.278b899ed67577e2ca292efeb358fc59.jpg,4000,3000,human,1513,465,1555,513
train_ZRI_2024_JPG.rf.278b899ed67577e2ca292efeb358fc59.jpg,4000,3000,human,2486,78,2536,153
train_ZRI_2024_JPG.rf.278b899ed67577e2ca292efeb358fc59.jpg,4000,3000,human,2561,1021,2610,1079
train_JAS_0081_JPG.rf.278fb8ac60ea522bb8075259b92e77ad.jpg,4000,3000,human,962,2249,1019,2292
train_VRD_3103_JPG.rf.277b59f3242f73c440e4152f18ce0436.jpg,4000,3000,human,2237,123,2282,234
train_VRD_3103_JPG.rf.277b59f3242f73c440e4152f18ce0436.jpg,4000,3000,human,793,2202,840,2245




train_BRK_2116_JPG.rf.5749007ec59e290002edf1c5a08829ca.jpg,4000,3000,human,2790,1148,2864,1227
train_BRK_2116_JPG.rf.5749007ec59e290002edf1c5a08829ca.jpg,4000,3000,human,1496,1033,1575,1118
train_MED_3010_JPG.rf.55826d9dec2ef1f0df1f79bb8fc5b25f.jpg,4000,3000,human,2283,2661,2361,2756
train_MED_3010_JPG.rf.55826d9dec2ef1f0df1f79bb8fc5b25f.jpg,4000,3000,human,1690,2561,1761,2603
train_MED_3010_JPG.rf.55826d9dec2ef1f0df1f79bb8fc5b25f.jpg,4000,3000,human,2427,370,2474,455
train_MED_3010_JPG.rf.55826d9dec2ef1f0df1f79bb8fc5b25f.jpg,4000,3000,human,2450,0,2501,116

train_ZRI_3033_JPG.rf.53540765f14ff9a6594793f3ee3e7df1.jpg,4000,3000,human,1585,680,1647,774
train_ZRI_3033_JPG.rf.53540765f14ff9a6594793f3ee3e7df1.jpg,4000,3000,human,1893,788,1941,864
train_ZRI_3033_JPG.rf.53540765f14ff9a6594793f3ee3e7df1.jpg,4000,3000,human,1825,874,1893,960
train_ZRI_3033_JPG.rf.53540765f14ff9a6594793f3ee3e7df1.jpg,4000,3000,human,1775,886,1826,946
train_ZRI_3033_JPG.rf.53540765f14ff9a6594793f3ee3e7df1.jpg,4000,3000,human,1204,1754,1270,1828
train_ZRI_3033_JPG.rf.53540765f14ff9a6594793f3ee3e7df1.jpg,4000,3000,human,1374,1659,1424,1737
train_ZRI_3033_JPG.rf.53540765f14ff9a6594793f3ee3e7df1.jpg,4000,3000,human,1985,2017,2060,2106
train_ZRI_3033_JPG.rf.53540765f14ff9a6594793f3ee3e7df1.jpg,4000,3000,human,2034,1947,2107,1994
train_ZRI_3033_JPG.rf.53540765f14ff9a6594793f3ee3e7df1.jpg,4000,3000,human,2740,2246,2810,2310
train_ZRI_3033_JPG.rf.53540765f14ff9a6594793f3ee3e7df1.jpg,4000,3000,human,2766,2204,2842,2263
train_ZRI_3033_JPG.rf.53540765f14ff9a6594793f3ee3e7df1.jpg,4000,3000,human,3142,2451,3224,2514
train_ZRI_3033_JPG.rf.53540765f14ff9a6594793f3ee3e7df1.jpg,4000,3000,human,3203,1614,3317,1683
train_ZRI_3033_JPG.rf.53540765f14ff9a6594793f3ee3e7df1.jpg,4000,3000,human,2662,1379,2735,1442
train_ZRI_3033_JPG.rf.53540765f14ff9a6594793f3ee3e7df1.jpg,4000,3000,human,3039,1233,3117,1305
train_ZRI_3033_JPG.rf.53540765f14ff9a6594793f3ee3e7df1.jpg,4000,3000,human,3638,1363,3745,1458
train_ZRI_3033_JPG.rf.53540765f14ff9a6594793f3ee3e7df1.jpg,4000,3000,human,1842,2589,1894,2636
train_ZRI_3033_JPG.rf.53540765f14ff9a6594793f3ee3e7df1.jpg,4000,3000,human,1971,2661,2023,2726
train_ZRI_3033_JPG.rf.53540765f14ff9a6594793f3ee3e7df1.jpg,4000,3000,human,2226,2776,2299,2857
train_ZRI_3033_JPG.rf.53540765f14ff9a6594793f3ee3e7df1.jpg,4000,3000,human,2645,2784,2719,2853
train_ZRI_3033_JPG.rf.53540765f14ff9a6594793f3ee3e7df1.jpg,4000,3000,human,164,2448,257,2527
train_ZRI_3033_JPG.rf.53540765f14ff9a6594793f3ee3e7df1.jpg,4000,3000,human,109,2367,229,2423
train_ZRI_3033_JPG.rf.53540765f14ff9a6594793f3ee3e7df1.jpg,4000,3000,human,3709,2398,3776,2470
train_VRD_3101_JPG.rf.5594a6f834668d5c36070ac76e0072c9.jpg,4000,3000,human,554,1948,600,1996
train_GOR_1056_JPG.rf.543e61fec76d3993737cc620ee7501e1.jpg,4000,3000,human,1718,2629,1793,2786
train_MED_3035_JPG.rf.5334505b7f5561e4f5b8128b4ab67100.jpg,4000,3000,human,1513,829,1574,902

train_RAK_0056_JPG.rf.54a10cc97cfed7920f24056f56d16a47.jpg,4000,3000,human,826,1866,980,1941


train_SB_0013_JPG.rf.557273b8728ba47e9f28c67e146c3509.jpg,4000,3000,human,689,1676,728,1731
train_SB_0013_JPG.rf.557273b8728ba47e9f28c67e146c3509.jpg,4000,3000,human,1937,1733,2001,1803
train_JAS_0107_JPG.rf.56a1c7a91132e9ef82914d572cfd9f87.jpg,4000,3000,human,1952,868,2021,945

train_SB_0003_JPG.rf.533ddcb86d50ff15a4712233c40a7c79.jpg,4000,3000,human,1382,1009,1425,1047
train_SB_0003_JPG.rf.533ddcb86d50ff15a4712233c40a7c79.jpg,4000,3000,human,1959,2154,2027,2206
train_JAS_0151_JPG.rf.5567ef496003c7ca60ab54620b25886f.jpg,4000,3000,human,1917,2454,1961,2503
train_JAS_0151_JPG.rf.5567ef496003c7ca60ab54620b25886f.jpg,4000,3000,human,2861,1099,2901,1136


train_VRD_0143_JPG.rf.5378f9f964cab580258aeca19c8ce286.jpg,4000,3000,human,1512,994,1590,1037
train_VRD_0143_JPG.rf.5378f9f964cab580258aeca19c8ce286.jpg,4000,3000,human,2764,529,2820,583
train_ZRI_3006_JPG.rf.5528f6f18d1d99d27243cc8d5a8bf0c7.jpg,4000,3000,human,1680,1906,1728,1951
train_ZRI_3006_JPG.rf.5528f6f18d1d99d27243cc8d5a8bf0c7.jpg,4000,3000,human,2408,1154,2490,1213
train_ZRI_3006_JPG.rf.5528f6f18d1d99d27243cc8d5a8bf0c7.jpg,4000,3000,human,2747,1225,2814,1306
train_ZRI_3006_JPG.rf.5528f6f18d1d99d27243cc8d5a8bf0c7.jpg,4000,3000,human,1467,836,1600,885
train_ZRI_3006_JPG.rf.5528f6f18d1d99d27243cc8d5a8bf0c7.jpg,4000,3000,human,1266,714,1349,784
train_ZRI_3006_JPG.rf.5528f6f18d1d99d27243cc8d5a8bf0c7.jpg,4000,3000,human,1750,708,1871,820
train_ZRI_3006_JPG.rf.5528f6f18d1d99d27243cc8d5a8bf0c7.jpg,4000,3000,human,806,1081,905,1151
train_ZRI_3006_JPG.rf.5528f6f18d1d99d27243cc8d5a8bf0c7.jpg,4000,3000,human,757,708,838,771
train_ZRI_3006_JPG.rf.5528f6f18d1d99d27243cc8d5a8bf0c7.jpg,4000,3000,human,2577,699,2667,743
train_ZRI_3006_JPG.rf.5528f6f18d1d99d27243cc8d5a8bf0c7.jpg,4000,3000,human,2909,536,2965,610
train_ZRI_3006_JPG.rf.5528f6f18d1d99d27243cc8d5a8bf0c7.jpg,4000,3000,human,2598,313,2648,367
train_ZRI_3006_JPG.rf.5528f6f18d1d99d27243cc8d5a8bf0c7.jpg,4000,3000,human,2154,209,2222,273
train_ZRI_3006_JPG.rf.5528f6f18d1d99d27243cc8d5a8bf0c7.jpg,4000,3000,human,3609,567,3711,649
train_ZRI_3006_JPG.rf.5528f6f18d1d99d27243cc8d5a8bf0c7.jpg,4000,3000,human,3933,870,3999,956
train_ZRI_3006_JPG.rf.5528f6f18d1d99d27243cc8d5a8bf0c7.jpg,4000,3000,human,3943,22,3999,98
train_VRD_0009_JPG.rf.58782d4ba9a9435cdea484a05dd28ec6.jpg,4000,3000,human,3522,1155,3633,1223
train_GOR_1058_JPG.rf.58d864a9e2062d73066de7c7a13fdbbf.jpg,4000,3000,human,907,2801,991,2959
train_GOR_1058_JPG.rf.58d864a9e2062d73066de7c7a13fdbbf.jpg,4000,3000,human,1687,996,1740,1063


train_GOR_1068_JPG.rf.58d0b931fabc601ecb0561386ba88d13.jpg,4000,3000,human,1027,1808,1085,1853

train_BRK_2018_JPG.rf.5a589e177fee306f7461f904e9d1f34c.jpg,4000,3000,human,2442,1833,2494,1877
train_BRK_2018_JPG.rf.5a589e177fee306f7461f904e9d1f34c.jpg,4000,3000,human,3316,2288,3379,2337
train_MED_3014_JPG.rf.5a791b6529c16b184bed375113849040.jpg,4000,3000,human,2032,910,2074,989
train_MED_3014_JPG.rf.5a791b6529c16b184bed375113849040.jpg,4000,3000,human,2080,630,2128,705
train_MED_3014_JPG.rf.5a791b6529c16b184bed375113849040.jpg,4000,3000,human,2126,546,2178,661
train_MED_3014_JPG.rf.5a791b6529c16b184bed375113849040.jpg,4000,3000,human,2206,184,2254,295
train_BRK_2056_JPG.rf.5a7cf2ad05088d9338aeb6b2a7956c20.jpg,4000,3000,human,1718,1770,1812,1824
train_BRK_2056_JPG.rf.5a7cf2ad05088d9338aeb6b2a7956c20.jpg,4000,3000,human,3395,1561,3489,1638
train_SB_0032_JPG.rf.5bfd6c1b0528c733f68623b2fb22dc47.jpg,4000,3000,human,1756,2098,1811,2137
train_SB_0032_JPG.rf.5bfd6c1b0528c733f68623b2fb22dc47.jpg,4000,3000,human,2319,1888,2353,1918
train_SB_0032_JPG.rf.5bfd6c1b0528c733f68623b2fb22dc47.jpg,4000,3000,human,1989,2703,2018,2753


train_MED_3045_JPG.rf.5a0688f8edac79e4cad16b8e46d98b70.jpg,4000,3000,human,753,2410,887,2488
train_MED_3045_JPG.rf.5a0688f8edac79e4cad16b8e46d98b70.jpg,4000,3000,human,1153,1675,1211,1728
train_MED_3045_JPG.rf.5a0688f8edac79e4cad16b8e46d98b70.jpg,4000,3000,human,1558,1665,1609,1706
train_VRD_0112_JPG.rf.5ba7e46e3554d02dc253bc7a427cdf93.jpg,4000,3000,human,2388,1300,2444,1342

train_ZRI_3016_JPG.rf.5c569a2f8126ecd868a8fd187719a7b9.jpg,4000,3000,human,3856,1455,3927,1506
train_ZRI_3016_JPG.rf.5c569a2f8126ecd868a8fd187719a7b9.jpg,4000,3000,human,1973,486,2053,588
train_ZRI_3016_JPG.rf.5c569a2f8126ecd868a8fd187719a7b9.jpg,4000,3000,human,1670,406,1727,488
train_ZRI_3016_JPG.rf.5c569a2f8126ecd868a8fd187719a7b9.jpg,4000,3000,human,1623,438,1671,501
train_ZRI_3016_JPG.rf.5c569a2f8126ecd868a8fd187719a7b9.jpg,4000,3000,human,1577,142,1697,237
train_ZRI_3016_JPG.rf.5c569a2f8126ecd868a8fd187719a7b9.jpg,4000,3000,human,2691,593,2741,657
train_ZRI_3016_JPG.rf.5c569a2f8126ecd868a8fd187719a7b9.jpg,4000,3000,human,2786,151,2896,221
train_ZRI_3016_JPG.rf.5c569a2f8126ecd868a8fd187719a7b9.jpg,4000,3000,human,3191,278,3254,353
train_ZRI_3016_JPG.rf.5c569a2f8126ecd868a8fd187719a7b9.jpg,4000,3000,human,3809,89,3868,193
train_ZRI_3016_JPG.rf.5c569a2f8126ecd868a8fd187719a7b9.jpg,4000,3000,human,3538,535,3605,591
train_VRD_0117_JPG.rf.5d282564e6a1640e500ba8307f8ce3ee.jpg,4000,3000,human,2357,2824,2409,2887
train_JAS_0180_JPG.rf.5daf4ab37eb3e9dfeae43d224d54fb98.jpg,4000,3000,human,708,863,777,917
train_BRA_1053_JPG.rf.5e0b65f2acc23b3d1046f4f755714057.jpg,4000,3000,human,1703,177,1749,232
train_BRA_1053_JPG.rf.5e0b65f2acc23b3d1046f4f755714057.jpg,4000,3000,human,1189,2858,1236,2941
train_MED_4047_JPG.rf.5e1d1cb5d8676a3f418f0136cfe4e701.jpg,4000,3000,human,2301,2807,2395,2885
train_BRS_0004_JPG.rf.5e41737acd61428a5181c94b9815d41b.jpg,4000,3000,human,2071,1735,2104,1764
train_BRS_0004_JPG.rf.5e41737acd61428a5181c94b9815d41b.jpg,4000,3000,human,2135,1727,2163,1761
train_BRS_0004_JPG.rf.5e41737acd61428a5181c94b9815d41b.jpg,4000,3000,human,2130,1514,2165,1548
train_ZRI_3010_JPG.rf.5e6275267f097edea1865437c1903bd3.jpg,4000,3000,human,2741,2000,2793,2077
train_ZRI_3010_JPG.rf.5e6275267f097edea1865437c1903bd3.jpg,4000,3000,human,2505,1673,2581,1726
train_ZRI_3010_JPG.rf.5e6275267f097edea1865437c1903bd3.jpg,4000,3000,human,2811,1421,2887,1496
train_ZRI_3010_JPG.rf.5e6275267f097edea1865437c1903bd3.jpg,4000,3000,human,2518,1047,2569,1103
train_ZRI_3010_JPG.rf.5e6275267f097edea1865437c1903bd3.jpg,4000,3000,human,3703,1505,3811,1557
train_ZRI_3010_JPG.rf.5e6275267f097edea1865437c1903bd3.jpg,4000,3000,human,3405,2496,3475,2567
train_ZRI_3010_JPG.rf.5e6275267f097edea1865437c1903bd3.jpg,4000,3000,human,3486,2524,3572,2585
train_BRS_0039_JPG.rf.5e639a3d47c4c1c89d49e038b604d8da.jpg,4000,3000,human,2073,619,2102,670

train_VRD_0132_JPG.rf.5de0c6bad1c4f1b43526a4c6085c31c1.jpg,4000,3000,human,301,472,377,530
train_VRD_0132_JPG.rf.5de0c6bad1c4f1b43526a4c6085c31c1.jpg,4000,3000,human,1642,132,1682,191



train_VRD_3013_JPG.rf.5eae351e7e997406a3fe245e71c1b4ff.jpg,4000,3000,human,3072,579,3139,650
train_SB_0030_JPG.rf.6144b9ee9d68aee20f85b2cddb60216f.jpg,4000,3000,human,1767,2637,1822,2680
train_SB_0030_JPG.rf.6144b9ee9d68aee20f85b2cddb60216f.jpg,4000,3000,human,2336,2430,2374,2472
train_TRS_0038_JPG.rf.6172126fc56a73ae5b8c6f479f1ef06b.jpg,4000,3000,human,856,2200,911,2253
train_TRS_0038_JPG.rf.6172126fc56a73ae5b8c6f479f1ef06b.jpg,4000,3000,human,1505,619,1549,652
train_JAS_0064_JPG.rf.5f0c39ce5e3efe31fa8892fd5a6042f2.jpg,4000,3000,human,1389,771,1433,830
train_BRK_2038_JPG.rf.619c27c5223701c50d2f56d437bbcf17.jpg,4000,3000,human,2083,1926,2129,1985

train_JAS_0066_JPG.rf.5f99aa397b53968b0372fb210c6b4a29.jpg,4000,3000,human,1120,1544,1182,1600
train_VRD_3086_JPG.rf.6065017b45d9410f3da207de2266343e.jpg,4000,3000,human,2768,1126,2815,1198
train_JAS_0159_JPG.rf.5fa7639d6271150d76b8f1783ea47d64.jpg,4000,3000,human,3497,1296,3567,1336
train_JAS_0159_JPG.rf.5fa7639d6271150d76b8f1783ea47d64.jpg,4000,3000,human,2010,705,2053,739
train_JAS_0175_JPG.rf.615bcd4752e4ded91a057a039c377cf7.jpg,4000,3000,human,2519,961,2575,1036

train_GOR_1054_JPG.rf.5f08f7d5349873110e7f9bf831574589.jpg,4000,3000,human,1839,1439,1913,1583

train_JAS_0133_JPG.rf.606dc5d28748898cd11c955ed62ffe7e.jpg,4000,3000,human,2644,1883,2700,2000


train_MED_3005_JPG.rf.622d7f48fc5c65223520f494794719b4.jpg,4000,3000,human,2280,981,2343,1076
train_MED_3005_JPG.rf.622d7f48fc5c65223520f494794719b4.jpg,4000,3000,human,1622,2188,1660,2246
train_MED_3005_JPG.rf.622d7f48fc5c65223520f494794719b4.jpg,4000,3000,human,1760,988,1819,1035

train_BRK_2019_JPG.rf.61d720ae7d16ad1716e37005164f899a.jpg,4000,3000,human,1927,2355,1981,2408
train_BRK_2046_JPG.rf.632960eb3a53615d21c9ef6960910489.jpg,4000,3000,human,1625,1669,1689,1762
train_RAK_0023_JPG.rf.61a2429857144e3c59bf7a6ea7be0ca1.jpg,4000,3000,human,1102,481,1160,563


train_BRA_1011_JPG.rf.62b86d94e5747b2b6b59860f5e864da1.jpg,4000,3000,human,558,207,626,268

train_TRS_0034_JPG.rf.6344d34d629a66291aa25913ff38fc69.jpg,4000,3000,human,720,1905,781,1951
train_TRS_0034_JPG.rf.6344d34d629a66291aa25913ff38fc69.jpg,4000,3000,human,1807,577,1847,611
train_ZRI_2090_JPG.rf.63a8c6bc54f6623ebb688c0224a14182.jpg,4000,3000,human,530,899,637,960
train_ZRI_2090_JPG.rf.63a8c6bc54f6623ebb688c0224a14182.jpg,4000,3000,human,608,839,713,900
train_ZRI_2090_JPG.rf.63a8c6bc54f6623ebb688c0224a14182.jpg,4000,3000,human,2631,1488,2689,1559
train_ZRI_2090_JPG.rf.63a8c6bc54f6623ebb688c0224a14182.jpg,4000,3000,human,2694,1499,2742,1560
train_ZRI_2090_JPG.rf.63a8c6bc54f6623ebb688c0224a14182.jpg,4000,3000,human,1993,1362,2035,1445


train_VRD_0136_JPG.rf.63d67761dc5cadf7aa982663729c1387.jpg,4000,3000,human,1606,2685,1678,2729

train_GOR_2003_JPG.rf.63edec7b7b760da02ce1500ce80fe5f6.jpg,4000,3000,human,1258,2468,1318,2545
train_GOR_2003_JPG.rf.63edec7b7b760da02ce1500ce80fe5f6.jpg,4000,3000,human,1812,2058,1857,2114
train_TRS_0041_JPG.rf.64149c1736f94f3ef2b16aaf18463467.jpg,4000,3000,human,1017,470,1066,530
train_TRS_0041_JPG.rf.64149c1736f94f3ef2b16aaf18463467.jpg,4000,3000,human,1132,2407,1175,2456
train_TRS_0041_JPG.rf.64149c1736f94f3ef2b16aaf18463467.jpg,4000,3000,human,2826,2487,2874,2547
train_TRS_0041_JPG.rf.64149c1736f94f3ef2b16aaf18463467.jpg,4000,3000,human,2826,2898,2878,2953
train_BRK_2104_JPG.rf.648edda063c943975267ef0a912d7c63.jpg,4000,3000,human,2247,1087,2309,1138
train_BRK_2104_JPG.rf.648edda063c943975267ef0a912d7c63.jpg,4000,3000,human,2098,2333,2178,2495
train_BRK_2118_JPG.rf.6499d8c883ecc3e95334b0f3237888db.jpg,4000,3000,human,2790,1128,2869,1228
train_BRK_2118_JPG.rf.6499d8c883ecc3e95334b0f3237888db.jpg,4000,3000,human,1495,1030,1551,1103

train_GOR_3027_JPG.rf.64b99889a1ea144e77cd6e33d947f2a4.jpg,4000,3000,human,1258,1788,1306,1915
train_GOR_3027_JPG.rf.64b99889a1ea144e77cd6e33d947f2a4.jpg,4000,3000,human,2522,2264,2597,2322
train_ZRI_2072_JPG.rf.64e40b1dd3c93cb83942d200000be062.jpg,4000,3000,human,961,2824,1024,2900
train_ZRI_2072_JPG.rf.64e40b1dd3c93cb83942d200000be062.jpg,4000,3000,human,3522,2568,3585,2633
train_ZRI_2072_JPG.rf.64e40b1dd3c93cb83942d200000be062.jpg,4000,3000,human,3623,2653,3695,2704
train_ZRI_2072_JPG.rf.64e40b1dd3c93cb83942d200000be062.jpg,4000,3000,human,3622,2612,3686,2669

train_BLA_0011_JPG.rf.64ff42348a5d8e74e85d9e99b2ddbe19.jpg,4000,3000,human,3491,1182,3553,1265
train_BLA_0011_JPG.rf.64ff42348a5d8e74e85d9e99b2ddbe19.jpg,4000,3000,human,336,1758,408,1795
train_BLA_0011_JPG.rf.64ff42348a5d8e74e85d9e99b2ddbe19.jpg,4000,3000,human,2655,2772,2700,2837


train_SB_0035_JPG.rf.66ece009c244ff5685268ca51b1f634e.jpg,4000,3000,human,1739,1784,1793,1823
train_SB_0035_JPG.rf.66ece009c244ff5685268ca51b1f634e.jpg,4000,3000,human,2293,1572,2330,1599
train_SB_0035_JPG.rf.66ece009c244ff5685268ca51b1f634e.jpg,4000,3000,human,1958,2388,1988,2433
train_ZRI_2022_JPG.rf.674f178c80bc303e09d4f567b08af81f.jpg,4000,3000,human,704,1207,799,1270
train_ZRI_2022_JPG.rf.674f178c80bc303e09d4f567b08af81f.jpg,4000,3000,human,724,1163,814,1218
train_ZRI_2022_JPG.rf.674f178c80bc303e09d4f567b08af81f.jpg,4000,3000,human,1119,1566,1201,1630
train_ZRI_2022_JPG.rf.674f178c80bc303e09d4f567b08af81f.jpg,4000,3000,human,1191,1751,1251,1796
train_ZRI_2022_JPG.rf.674f178c80bc303e09d4f567b08af81f.jpg,4000,3000,human,1312,1817,1353,1879
train_ZRI_2022_JPG.rf.674f178c80bc303e09d4f567b08af81f.jpg,4000,3000,human,1112,1781,1173,1822
train_ZRI_2022_JPG.rf.674f178c80bc303e09d4f567b08af81f.jpg,4000,3000,human,1157,1913,1258,1953
train_ZRI_2022_JPG.rf.674f178c80bc303e09d4f567b08af81f.jpg,4000,3000,human,1120,1839,1213,1883
train_ZRI_2077_JPG.rf.67cdcf02e4e02a95cf9330e1aabb53f0.jpg,4000,3000,human,1562,431,1624,507
train_ZRI_2077_JPG.rf.67cdcf02e4e02a95cf9330e1aabb53f0.jpg,4000,3000,human,1586,377,1640,428
train_ZRI_2077_JPG.rf.67cdcf02e4e02a95cf9330e1aabb53f0.jpg,4000,3000,human,1657,493,1710,565
train_ZRI_2077_JPG.rf.67cdcf02e4e02a95cf9330e1aabb53f0.jpg,4000,3000,human,2681,271,2730,340
train_ZRI_2077_JPG.rf.67cdcf02e4e02a95cf9330e1aabb53f0.jpg,4000,3000,human,2629,1097,2669,1168
train_ZRI_2077_JPG.rf.67cdcf02e4e02a95cf9330e1aabb53f0.jpg,4000,3000,human,2607,1167,2657,1209
train_ZRI_2077_JPG.rf.67cdcf02e4e02a95cf9330e1aabb53f0.jpg,4000,3000,human,2597,1205,2664,1262
train_ZRI_2059_JPG.rf.67ac4a10a36ce03d5cea4a1e6d501ae6.jpg,4000,3000,human,1524,2527,1602,2603
train_ZRI_2059_JPG.rf.67ac4a10a36ce03d5cea4a1e6d501ae6.jpg,4000,3000,human,1765,2787,1818,2865
train_ZRI_2059_JPG.rf.67ac4a10a36ce03d5cea4a1e6d501ae6.jpg,4000,3000,human,2809,2815,2890,2887
train_ZRI_2059_JPG.rf.67ac4a10a36ce03d5cea4a1e6d501ae6.jpg,4000,3000,human,2678,2863,2748,2933
train_ZRI_2059_JPG.rf.67ac4a10a36ce03d5cea4a1e6d501ae6.jpg,4000,3000,human,2164,1752,2204,1812
train_ZRI_2059_JPG.rf.67ac4a10a36ce03d5cea4a1e6d501ae6.jpg,4000,3000,human,2202,1769,2267,1813
train_ZRI_2059_JPG.rf.67ac4a10a36ce03d5cea4a1e6d501ae6.jpg,4000,3000,human,1886,1565,1948,1604
train_ZRI_2059_JPG.rf.67ac4a10a36ce03d5cea4a1e6d501ae6.jpg,4000,3000,human,1931,1530,1988,1574
train_ZRI_2059_JPG.rf.67ac4a10a36ce03d5cea4a1e6d501ae6.jpg,4000,3000,human,2115,1402,2146,1422
train_ZRI_2059_JPG.rf.67ac4a10a36ce03d5cea4a1e6d501ae6.jpg,4000,3000,human,2068,1204,2124,1243
train_ZRI_2059_JPG.rf.67ac4a10a36ce03d5cea4a1e6d501ae6.jpg,4000,3000,human,2092,1110,2130,1163
train_ZRI_2059_JPG.rf.67ac4a10a36ce03d5cea4a1e6d501ae6.jpg,4000,3000,human,2007,1083,2054,1118
train_ZRI_2059_JPG.rf.67ac4a10a36ce03d5cea4a1e6d501ae6.jpg,4000,3000,human,1999,1151,2051,1208
train_ZRI_2059_JPG.rf.67ac4a10a36ce03d5cea4a1e6d501ae6.jpg,4000,3000,human,1819,1235,1868,1296
train_ZRI_2059_JPG.rf.67ac4a10a36ce03d5cea4a1e6d501ae6.jpg,4000,3000,human,1787,1268,1823,1321
train_ZRI_2059_JPG.rf.67ac4a10a36ce03d5cea4a1e6d501ae6.jpg,4000,3000,human,1798,1152,1836,1186
train_ZRI_2059_JPG.rf.67ac4a10a36ce03d5cea4a1e6d501ae6.jpg,4000,3000,human,1898,1126,1939,1169
train_ZRI_2059_JPG.rf.67ac4a10a36ce03d5cea4a1e6d501ae6.jpg,4000,3000,human,2023,1013,2059,1056
train_ZRI_2059_JPG.rf.67ac4a10a36ce03d5cea4a1e6d501ae6.jpg,4000,3000,human,1940,736,1994,805
train_ZRI_2059_JPG.rf.67ac4a10a36ce03d5cea4a1e6d501ae6.jpg,4000,3000,human,1940,813,1974,849
train_ZRI_2059_JPG.rf.67ac4a10a36ce03d5cea4a1e6d501ae6.jpg,4000,3000,human,2836,712,2941,779
train_ZRI_2059_JPG.rf.67ac4a10a36ce03d5cea4a1e6d501ae6.jpg,4000,3000,human,2736,718,2790,774
train_ZRI_2059_JPG.rf.67ac4a10a36ce03d5cea4a1e6d501ae6.jpg,4000,3000,human,3012,822,3114,898
train_ZRI_2059_JPG.rf.67ac4a10a36ce03d5cea4a1e6d501ae6.jpg,4000,3000,human,270,799,381,877
train_ZRI_2059_JPG.rf.67ac4a10a36ce03d5cea4a1e6d501ae6.jpg,4000,3000,human,1090,312,1160,388
train_ZRI_2059_JPG.rf.67ac4a10a36ce03d5cea4a1e6d501ae6.jpg,4000,3000,human,797,260,893,348
train_ZRI_2059_JPG.rf.67ac4a10a36ce03d5cea4a1e6d501ae6.jpg,4000,3000,human,762,185,852,267
train_ZRI_2059_JPG.rf.67ac4a10a36ce03d5cea4a1e6d501ae6.jpg,4000,3000,human,509,149,608,248
train_ZRI_2059_JPG.rf.67ac4a10a36ce03d5cea4a1e6d501ae6.jpg,4000,3000,human,1566,277,1625,352
train_ZRI_2059_JPG.rf.67ac4a10a36ce03d5cea4a1e6d501ae6.jpg,4000,3000,human,1523,390,1566,432
train_ZRI_2059_JPG.rf.67ac4a10a36ce03d5cea4a1e6d501ae6.jpg,4000,3000,human,1995,279,2032,325
train_ZRI_2059_JPG.rf.67ac4a10a36ce03d5cea4a1e6d501ae6.jpg,4000,3000,human,2069,335,2138,412
train_ZRI_2059_JPG.rf.67ac4a10a36ce03d5cea4a1e6d501ae6.jpg,4000,3000,human,2081,199,2148,268
train_ZRI_2059_JPG.rf.67ac4a10a36ce03d5cea4a1e6d501ae6.jpg,4000,3000,human,3293,295,3353,349
train_ZRI_2059_JPG.rf.67ac4a10a36ce03d5cea4a1e6d501ae6.jpg,4000,3000,human,3092,1388,3175,1456

train_BRS_0003_JPG.rf.68271b5c580e366f064a31e7721431d0.jpg,4000,3000,human,2088,1765,2120,1790
train_BRS_0003_JPG.rf.68271b5c580e366f064a31e7721431d0.jpg,4000,3000,human,2127,1732,2151,1765
train_BRS_0003_JPG.rf.68271b5c580e366f064a31e7721431d0.jpg,4000,3000,human,2084,1570,2113,1610
train_MED_3021_JPG.rf.67f5bc1ad50134164a4af880792991af.jpg,4000,3000,human,2222,1550,2314,1697
train_MED_3021_JPG.rf.67f5bc1ad50134164a4af880792991af.jpg,4000,3000,human,2276,1887,2358,1997

train_GOR_3069_JPG.rf.673ce25c410fff9dadb3965598080c69.jpg,4000,3000,human,2639,1669,2690,1724
train_GOR_3069_JPG.rf.673ce25c410fff9dadb3965598080c69.jpg,4000,3000,human,2985,2423,3047,2460
train_MED_4057_JPG.rf.674581fde82a2f9bd7b0aca4fc3a590c.jpg,4000,3000,human,1582,2268,1635,2324
train_MED_4057_JPG.rf.674581fde82a2f9bd7b0aca4fc3a590c.jpg,4000,3000,human,1706,582,1754,634
train_MED_4057_JPG.rf.674581fde82a2f9bd7b0aca4fc3a590c.jpg,4000,3000,human,1775,279,1824,328
train_MED_4057_JPG.rf.674581fde82a2f9bd7b0aca4fc3a590c.jpg,4000,3000,human,1184,0,1250,83
train_MED_4057_JPG.rf.674581fde82a2f9bd7b0aca4fc3a590c.jpg,4000,3000,human,1337,108,1387,193

train_BRA_1020_JPG.rf.677ac2c11b295942f695a52606b552b5.jpg,4000,3000,human,707,663,773,716
train_GOR_3050_JPG.rf.65288dba5331e56d0cb3ccf3744c89aa.jpg,4000,3000,human,829,1775,893,1835
train_GOR_3050_JPG.rf.65288dba5331e56d0cb3ccf3744c89aa.jpg,4000,3000,human,875,1296,940,1351

train_RAK_0055_JPG.rf.66ff8a5bd50a33e4a2f3ea3960c5608d.jpg,4000,3000,human,1893,2566,2041,2657
train_SB_0002_JPG.rf.6794efcf93f67f798941b5bb87edaef0.jpg,4000,3000,human,1369,1002,1445,1041
train_SB_0002_JPG.rf.6794efcf93f67f798941b5bb87edaef0.jpg,4000,3000,human,1946,2142,2022,2186
train_JAS_0087_JPG.rf.67c82cf187cb90c7f38f8ad5b3f24ad4.jpg,4000,3000,human,898,2787,1051,2860

train_GOR_2045_JPG.rf.68f58306758ae5646f3c348863642251.jpg,4000,3000,human,2152,2021,2207,2071
train_BRK_1015_JPG.rf.6940c380e022a13310604f28244cc52f.jpg,4000,3000,human,1007,2836,1055,2882
train_BRK_1015_JPG.rf.6940c380e022a13310604f28244cc52f.jpg,4000,3000,human,2119,1986,2152,2043
train_BLA_0008_JPG.rf.696a8069b857f710350ee74afcdfc991.jpg,4000,3000,human,3477,1186,3536,1271
train_BLA_0008_JPG.rf.696a8069b857f710350ee74afcdfc991.jpg,4000,3000,human,2650,2778,2693,2836
train_BLA_0008_JPG.rf.696a8069b857f710350ee74afcdfc991.jpg,4000,3000,human,333,1757,407,1801
train_BRA_1029_JPG.rf.69933e99120084335035ef0a7e15d7ac.jpg,4000,3000,human,1814,2611,1833,2652
train_BRA_1029_JPG.rf.69933e99120084335035ef0a7e15d7ac.jpg,4000,3000,human,1783,2638,1811,2669
train_BRA_1029_JPG.rf.69933e99120084335035ef0a7e15d7ac.jpg,4000,3000,human,1653,2653,1681,2694
train_BRA_1029_JPG.rf.69933e99120084335035ef0a7e15d7ac.jpg,4000,3000,human,1731,2663,1762,2704
train_BRA_1029_JPG.rf.69933e99120084335035ef0a7e15d7ac.jpg,4000,3000,human,1718,2648,1739,2685
train_BRA_1029_JPG.rf.69933e99120084335035ef0a7e15d7ac.jpg,4000,3000,human,1699,2675,1724,2706
train_BRA_1029_JPG.rf.69933e99120084335035ef0a7e15d7ac.jpg,4000,3000,human,1686,2633,1713,2677
train_ZRI_2017_JPG.rf.690551ecc1a4cc13cdbc00cbb714cd45.jpg,4000,3000,human,1110,403,1168,515
train_ZRI_2017_JPG.rf.690551ecc1a4cc13cdbc00cbb714cd45.jpg,4000,3000,human,1064,1927,1120,1965
train_ZRI_2017_JPG.rf.690551ecc1a4cc13cdbc00cbb714cd45.jpg,4000,3000,human,1373,1252,1421,1289

train_GOR_1042_JPG.rf.68e505ba5e9e4260ec2a65301a40d69f.jpg,4000,3000,human,1219,2099,1311,2168







train_GOR_3034_JPG.rf.6b21a7c96e791d3cbd8c164af6221624.jpg,4000,3000,human,1232,1745,1292,1879
train_GOR_3034_JPG.rf.6b21a7c96e791d3cbd8c164af6221624.jpg,4000,3000,human,2517,2251,2583,2388

train_VRD_0010_JPG.rf.6c6549bc8bb141ba2b746899e0341da0.jpg,4000,3000,human,3479,1250,3542,1357

train_VRD_0148_JPG.rf.6c4cf409fac4a82e7264a76084949a9a.jpg,4000,3000,human,1407,2545,1489,2591
train_VRD_0148_JPG.rf.6c4cf409fac4a82e7264a76084949a9a.jpg,4000,3000,human,2659,2230,2701,2286
train_JAS_0089_JPG.rf.6b54e6cbfded259e5739cc6fd8f77982.jpg,4000,3000,human,2519,299,2573,349

train_GOR_3049_JPG.rf.6c8f15b86cad0f14b031b4a06e78e7a5.jpg,4000,3000,human,829,1775,893,1835
train_GOR_3049_JPG.rf.6c8f15b86cad0f14b031b4a06e78e7a5.jpg,4000,3000,human,875,1296,940,1351
train_GOR_3049_JPG.rf.6c8f15b86cad0f14b031b4a06e78e7a5.jpg,4000,3000,human,1315,2085,1381,2147
train_GOR_3049_JPG.rf.6c8f15b86cad0f14b031b4a06e78e7a5.jpg,4000,3000,human,1025,2797,1104,2849
train_ZRI_3024_JPG.rf.6cdda979982256c6718242a9dbd81f18.jpg,4000,3000,human,698,1787,808,1848
train_ZRI_3024_JPG.rf.6cdda979982256c6718242a9dbd81f18.jpg,4000,3000,human,704,1696,806,1748
train_ZRI_3024_JPG.rf.6cdda979982256c6718242a9dbd81f18.jpg,4000,3000,human,1863,1311,1920,1390
train_ZRI_3024_JPG.rf.6cdda979982256c6718242a9dbd81f18.jpg,4000,3000,human,2038,1253,2085,1331
train_ZRI_3024_JPG.rf.6cdda979982256c6718242a9dbd81f18.jpg,4000,3000,human,2620,1659,2681,1712
train_ZRI_3024_JPG.rf.6cdda979982256c6718242a9dbd81f18.jpg,4000,3000,human,2551,1723,2614,1804
train_ZRI_3024_JPG.rf.6cdda979982256c6718242a9dbd81f18.jpg,4000,3000,human,2419,1632,2477,1696
train_ZRI_3024_JPG.rf.6cdda979982256c6718242a9dbd81f18.jpg,4000,3000,human,3313,1249,3368,1314
train_ZRI_3024_JPG.rf.6cdda979982256c6718242a9dbd81f18.jpg,4000,3000,human,3677,1189,3760,1262
train_ZRI_3024_JPG.rf.6cdda979982256c6718242a9dbd81f18.jpg,4000,3000,human,3767,1566,3871,1664
train_ZRI_3024_JPG.rf.6cdda979982256c6718242a9dbd81f18.jpg,4000,3000,human,3685,778,3750,834
train_ZRI_3024_JPG.rf.6cdda979982256c6718242a9dbd81f18.jpg,4000,3000,human,2606,2459,2678,2556
train_ZRI_3024_JPG.rf.6cdda979982256c6718242a9dbd81f18.jpg,4000,3000,human,2198,2589,2274,2643
train_ZRI_3024_JPG.rf.6cdda979982256c6718242a9dbd81f18.jpg,4000,3000,human,2789,2858,2878,2951
train_ZRI_3024_JPG.rf.6cdda979982256c6718242a9dbd81f18.jpg,4000,3000,human,3023,2556,3092,2645
train_ZRI_3024_JPG.rf.6cdda979982256c6718242a9dbd81f18.jpg,4000,3000,human,3692,2432,3782,2494

train_GOR_3016_JPG.rf.6d5653521967751f1ac00bf48d8bfb55.jpg,4000,3000,human,2267,776,2319,848
train_GOR_3016_JPG.rf.6d5653521967751f1ac00bf48d8bfb55.jpg,4000,3000,human,1064,468,1128,552

train_GOR_2064_JPG.rf.6d77982db11ccf0c5be5a4c8a8020bf2.jpg,4000,3000,human,2237,1251,2276,1301
train_GOR_2064_JPG.rf.6d77982db11ccf0c5be5a4c8a8020bf2.jpg,4000,3000,human,2222,1398,2266,1477
train_GOR_2064_JPG.rf.6d77982db11ccf0c5be5a4c8a8020bf2.jpg,4000,3000,human,2567,2582,2659,2678
train_GOR_2064_JPG.rf.6d77982db11ccf0c5be5a4c8a8020bf2.jpg,4000,3000,human,2076,1983,2138,2039
train_GOR_2064_JPG.rf.6d77982db11ccf0c5be5a4c8a8020bf2.jpg,4000,3000,human,2192,2128,2254,2186
train_GOR_2064_JPG.rf.6d77982db11ccf0c5be5a4c8a8020bf2.jpg,4000,3000,human,2286,2042,2366,2126
train_GOR_2064_JPG.rf.6d77982db11ccf0c5be5a4c8a8020bf2.jpg,4000,3000,human,2241,2004,2292,2058
train_GOR_2064_JPG.rf.6d77982db11ccf0c5be5a4c8a8020bf2.jpg,4000,3000,human,2006,2183,2063,2230
train_CAP_0012_JPG.rf.6ced81b9cde9431cab05bdee44b3993d.jpg,4000,3000,human,1432,678,1482,725
train_BRK_2099_JPG.rf.6da52875b934de3fd29558ad8c46e108.jpg,4000,3000,human,2529,1025,2601,1097
train_BRK_2099_JPG.rf.6da52875b934de3fd29558ad8c46e108.jpg,4000,3000,human,2071,2481,2171,2653


train_ZRI_2021_JPG.rf.6f29f44f3369499089743f598a844a52.jpg,4000,3000,human,1466,662,1535,739
train_ZRI_2021_JPG.rf.6f29f44f3369499089743f598a844a52.jpg,4000,3000,human,1399,747,1483,826
train_ZRI_2021_JPG.rf.6f29f44f3369499089743f598a844a52.jpg,4000,3000,human,1324,704,1372,764
train_ZRI_2021_JPG.rf.6f29f44f3369499089743f598a844a52.jpg,4000,3000,human,1173,397,1236,482
train_ZRI_2021_JPG.rf.6f29f44f3369499089743f598a844a52.jpg,4000,3000,human,1169,479,1224,549
train_ZRI_2021_JPG.rf.6f29f44f3369499089743f598a844a52.jpg,4000,3000,human,1144,578,1248,637
train_ZRI_2021_JPG.rf.6f29f44f3369499089743f598a844a52.jpg,4000,3000,human,1520,1010,1568,1075
train_ZRI_2021_JPG.rf.6f29f44f3369499089743f598a844a52.jpg,4000,3000,human,1358,966,1403,1006
train_ZRI_2021_JPG.rf.6f29f44f3369499089743f598a844a52.jpg,4000,3000,human,1544,1702,1594,1752
train_ZRI_2021_JPG.rf.6f29f44f3369499089743f598a844a52.jpg,4000,3000,human,1611,1706,1639,1738
train_BRK_2005_JPG.rf.6f1c3ee1fef38d239b1bf2ce289230d5.jpg,4000,3000,human,2982,2024,3035,2098
train_BRK_2005_JPG.rf.6f1c3ee1fef38d239b1bf2ce289230d5.jpg,4000,3000,human,2505,2067,2554,2113
train_VRD_2014_JPG.rf.6eb99425ebed81a8861d2b9315c33051.jpg,4000,3000,human,3122,2504,3243,2573
train_ZRI_2053_JPG.rf.6f66f1a55b1d340275a90a8a71b5999b.jpg,4000,3000,human,3054,2118,3162,2281
train_ZRI_2053_JPG.rf.6f66f1a55b1d340275a90a8a71b5999b.jpg,4000,3000,human,3296,1008,3410,1178
train_ZRI_2053_JPG.rf.6f66f1a55b1d340275a90a8a71b5999b.jpg,4000,3000,human,1247,1293,1329,1433
train_ZRI_2053_JPG.rf.6f66f1a55b1d340275a90a8a71b5999b.jpg,4000,3000,human,963,1559,1055,1675
train_ZRI_2053_JPG.rf.6f66f1a55b1d340275a90a8a71b5999b.jpg,4000,3000,human,1518,535,1585,676
train_GOR_3005_JPG.rf.6e5472dd8b5262a204c835abf6c5927e.jpg,4000,3000,human,1890,1491,1932,1535
train_GOR_3005_JPG.rf.6e5472dd8b5262a204c835abf6c5927e.jpg,4000,3000,human,1155,1278,1219,1348

train_JAS_0149_JPG.rf.6f0ffb37ed34ff08742421397c488ae5.jpg,4000,3000,human,2338,1514,2385,1560
train_JAS_0149_JPG.rf.6f0ffb37ed34ff08742421397c488ae5.jpg,4000,3000,human,3215,67,3261,138
train_GOR_2037_JPG.rf.6f54aaac1b3f64093bdb4ccf4a92c5a2.jpg,4000,3000,human,2967,2924,3029,2982
train_GOR_2037_JPG.rf.6f54aaac1b3f64093bdb4ccf4a92c5a2.jpg,4000,3000,human,3781,2249,3881,2304
train_VRD_3001_JPG.rf.6f6e06a4b164bc6f67418210734167c6.jpg,4000,3000,human,2583,1092,2662,1165
train_VRD_3001_JPG.rf.6f6e06a4b164bc6f67418210734167c6.jpg,4000,3000,human,2121,2348,2193,2408
train_GOR_3068_JPG.rf.6f9026c8031cd033f231e86b990d017e.jpg,4000,3000,human,2637,1668,2690,1723
train_GOR_3068_JPG.rf.6f9026c8031cd033f231e86b990d017e.jpg,4000,3000,human,2983,2424,3049,2458
train_VRD_2003_JPG.rf.6f15f842f4219bf2392a79289e64a9d2.jpg,4000,3000,human,1371,143,1462,244
train_VRD_3100_JPG.rf.6e8290d9c8fd3abf3f60da1fcd9649ae.jpg,4000,3000,human,1047,1997,1090,2056
train_MED_3051_JPG.rf.6fe1b18a3f30ebde2e27a2a6107c7d67.jpg,4000,3000,human,427,874,479,908

train_BRA_1015_JPG.rf.7039cfea8e0394a8b0b837b84e1fb057.jpg,4000,3000,human,92,1452,163,1491
train_BRS_0023_JPG.rf.70b8ecb60252857c92ed1b0e4f091661.jpg,4000,3000,human,2182,525,2219,579

train_BRA_1027_JPG.rf.709bae37084d24616c313c87edac3d9d.jpg,4000,3000,human,17,1595,107,1624

train_SB_0033_JPG.rf.713196c0f78961886500633284fb31ea.jpg,4000,3000,human,1751,1987,1805,2023
train_SB_0033_JPG.rf.713196c0f78961886500633284fb31ea.jpg,4000,3000,human,2310,1777,2347,1805
train_SB_0033_JPG.rf.713196c0f78961886500633284fb31ea.jpg,4000,3000,human,1979,2593,2008,2634

train_BRK_2094_JPG.rf.71c2b0e800b8507c5bfda4e070fc9f22.jpg,4000,3000,human,2951,1037,3015,1100
train_JAS_0176_JPG.rf.723f6565e69a5b8ade75c3c18a2d393d.jpg,4000,3000,human,2403,1482,2478,1536
train_BRS_0035_JPG.rf.728835acd3fbb56b1acfe512eba06668.jpg,4000,3000,human,1966,1118,1991,1167
train_BRS_0035_JPG.rf.728835acd3fbb56b1acfe512eba06668.jpg,4000,3000,human,1902,1067,1932,1105
train_ZRI_2068_JPG.rf.7296fa82d7c18fb8958fb7878b13651a.jpg,4000,3000,human,3587,2118,3675,2178
train_ZRI_2068_JPG.rf.7296fa82d7c18fb8958fb7878b13651a.jpg,4000,3000,human,3812,2501,3899,2566
train_ZRI_2068_JPG.rf.7296fa82d7c18fb8958fb7878b13651a.jpg,4000,3000,human,3087,1451,3148,1486
train_ZRI_2068_JPG.rf.7296fa82d7c18fb8958fb7878b13651a.jpg,4000,3000,human,1999,1127,2038,1184
train_ZRI_2068_JPG.rf.7296fa82d7c18fb8958fb7878b13651a.jpg,4000,3000,human,2244,1245,2306,1313
train_ZRI_2068_JPG.rf.7296fa82d7c18fb8958fb7878b13651a.jpg,4000,3000,human,2267,1122,2347,1190
train_ZRI_2068_JPG.rf.7296fa82d7c18fb8958fb7878b13651a.jpg,4000,3000,human,2350,1182,2401,1223
train_ZRI_2068_JPG.rf.7296fa82d7c18fb8958fb7878b13651a.jpg,4000,3000,human,1799,799,1864,860
train_ZRI_2068_JPG.rf.7296fa82d7c18fb8958fb7878b13651a.jpg,4000,3000,human,1594,504,1653,569
train_ZRI_2068_JPG.rf.7296fa82d7c18fb8958fb7878b13651a.jpg,4000,3000,human,189,2544,289,2628
train_ZRI_2066_JPG.rf.727a843ec03b64ef0282de9d9d12e80f.jpg,4000,3000,human,458,433,549,505
train_ZRI_2066_JPG.rf.727a843ec03b64ef0282de9d9d12e80f.jpg,4000,3000,human,389,551,486,646
train_ZRI_2066_JPG.rf.727a843ec03b64ef0282de9d9d12e80f.jpg,4000,3000,human,369,619,457,682
train_ZRI_2066_JPG.rf.727a843ec03b64ef0282de9d9d12e80f.jpg,4000,3000,human,245,918,368,978
train_ZRI_2066_JPG.rf.727a843ec03b64ef0282de9d9d12e80f.jpg,4000,3000,human,112,1135,204,1182
train_ZRI_2066_JPG.rf.727a843ec03b64ef0282de9d9d12e80f.jpg,4000,3000,human,440,1057,534,1113
train_ZRI_2066_JPG.rf.727a843ec03b64ef0282de9d9d12e80f.jpg,4000,3000,human,850,1009,920,1071
train_ZRI_2066_JPG.rf.727a843ec03b64ef0282de9d9d12e80f.jpg,4000,3000,human,368,1724,459,1775
train_ZRI_2066_JPG.rf.727a843ec03b64ef0282de9d9d12e80f.jpg,4000,3000,human,429,1776,475,1816
train_ZRI_2066_JPG.rf.727a843ec03b64ef0282de9d9d12e80f.jpg,4000,3000,human,81,1617,153,1659
train_ZRI_2066_JPG.rf.727a843ec03b64ef0282de9d9d12e80f.jpg,4000,3000,human,824,1405,910,1470
train_ZRI_2066_JPG.rf.727a843ec03b64ef0282de9d9d12e80f.jpg,4000,3000,human,814,1337,892,1397
train_ZRI_2066_JPG.rf.727a843ec03b64ef0282de9d9d12e80f.jpg,4000,3000,human,1762,24,1819,109
train_ZRI_2066_JPG.rf.727a843ec03b64ef0282de9d9d12e80f.jpg,4000,3000,human,1595,2367,1654,2426
train_ZRI_2038_JPG.rf.7311f6f212b954634edd90de30c46701.jpg,4000,3000,human,1295,289,1341,341
train_ZRI_2038_JPG.rf.7311f6f212b954634edd90de30c46701.jpg,4000,3000,human,1234,289,1278,343
train_ZRI_2038_JPG.rf.7311f6f212b954634edd90de30c46701.jpg,4000,3000,human,3785,638,3912,704
train_MED_4017_JPG.rf.71eac629994b09189243e7e62accc6be.jpg,4000,3000,human,188,2889,279,2999
train_MED_4017_JPG.rf.71eac629994b09189243e7e62accc6be.jpg,4000,3000,human,466,261,536,351
train_VRD_0120_JPG.rf.72522e8e4588477114652ef98427c4b3.jpg,4000,3000,human,2042,1974,2080,2016
train_BRK_2112_JPG.rf.738923545b9b381610ec79b312acc019.jpg,4000,3000,human,2411,651,2517,795
train_BRK_2112_JPG.rf.738923545b9b381610ec79b312acc019.jpg,4000,3000,human,1320,1362,1377,1434
train_GOR_2004_JPG.rf.72d7cb1f89bf7ce5d934cc7a05104d86.jpg,4000,3000,human,1783,2833,1839,2918

train_VRD_3126_JPG.rf.72ba915251a2d46e71882f0cc6eed6df.jpg,4000,3000,human,1296,326,1381,388
train_MED_3002_JPG.rf.74d051b5745a13c9148432377cabe101.jpg,4000,3000,human,1912,2411,1948,2453
train_MED_3002_JPG.rf.74d051b5745a13c9148432377cabe101.jpg,4000,3000,human,1973,2592,2008,2643
train_MED_3002_JPG.rf.74d051b5745a13c9148432377cabe101.jpg,4000,3000,human,1522,1236,1561,1277
train_MED_3002_JPG.rf.74d051b5745a13c9148432377cabe101.jpg,4000,3000,human,1568,1229,1595,1270
train_MED_3002_JPG.rf.74d051b5745a13c9148432377cabe101.jpg,4000,3000,human,1423,140,1469,232


train_BRA_1017_JPG.rf.75181eff333a25ce76a010de33fde793.jpg,4000,3000,human,242,817,302,861

train_JAS_0095_JPG.rf.75481dcd16f25388fd2a006e52f02f07.jpg,4000,3000,human,2658,2780,2718,2834
train_BRK_1011_JPG.rf.75d496783fbbd922cb998b7b0fc39841.jpg,4000,3000,human,942,2491,992,2534

train_ZRI_2033_JPG.rf.761c376777cd22e827a1412c9749a013.jpg,4000,3000,human,1862,1361,1927,1411
train_ZRI_2033_JPG.rf.761c376777cd22e827a1412c9749a013.jpg,4000,3000,human,1846,1675,1899,1733
train_ZRI_2033_JPG.rf.761c376777cd22e827a1412c9749a013.jpg,4000,3000,human,1952,1620,2005,1668
train_ZRI_2033_JPG.rf.761c376777cd22e827a1412c9749a013.jpg,4000,3000,human,466,779,558,828
train_ZRI_2033_JPG.rf.761c376777cd22e827a1412c9749a013.jpg,4000,3000,human,563,757,602,816
train_ZRI_2033_JPG.rf.761c376777cd22e827a1412c9749a013.jpg,4000,3000,human,3606,2515,3752,2620
train_ZRI_2033_JPG.rf.761c376777cd22e827a1412c9749a013.jpg,4000,3000,human,3526,2604,3584,2651
train_ZRI_2033_JPG.rf.761c376777cd22e827a1412c9749a013.jpg,4000,3000,human,1055,0,1125,71
train_ZRI_2033_JPG.rf.761c376777cd22e827a1412c9749a013.jpg,4000,3000,human,1467,185,1502,239


train_ZRI_3034_JPG.rf.7620714fe6c1646895d1d6d54c1a29eb.jpg,4000,3000,human,2707,449,2757,516
train_ZRI_3034_JPG.rf.7620714fe6c1646895d1d6d54c1a29eb.jpg,4000,3000,human,2264,1119,2304,1159
train_ZRI_3034_JPG.rf.7620714fe6c1646895d1d6d54c1a29eb.jpg,4000,3000,human,1964,1188,2019,1236
train_ZRI_3034_JPG.rf.7620714fe6c1646895d1d6d54c1a29eb.jpg,4000,3000,human,1794,1201,1851,1276
train_ZRI_3034_JPG.rf.7620714fe6c1646895d1d6d54c1a29eb.jpg,4000,3000,human,1671,1209,1762,1287
train_ZRI_3034_JPG.rf.7620714fe6c1646895d1d6d54c1a29eb.jpg,4000,3000,human,1660,1044,1722,1099
train_ZRI_3034_JPG.rf.7620714fe6c1646895d1d6d54c1a29eb.jpg,4000,3000,human,1702,477,1788,530
train_ZRI_3034_JPG.rf.7620714fe6c1646895d1d6d54c1a29eb.jpg,4000,3000,human,1538,377,1601,458
train_ZRI_3034_JPG.rf.7620714fe6c1646895d1d6d54c1a29eb.jpg,4000,3000,human,716,1518,801,1570
train_ZRI_3034_JPG.rf.7620714fe6c1646895d1d6d54c1a29eb.jpg,4000,3000,human,711,1816,801,1866
train_ZRI_3034_JPG.rf.7620714fe6c1646895d1d6d54c1a29eb.jpg,4000,3000,human,91,1864,224,1907
train_ZRI_3034_JPG.rf.7620714fe6c1646895d1d6d54c1a29eb.jpg,4000,3000,human,1116,1810,1190,1884
train_ZRI_3034_JPG.rf.7620714fe6c1646895d1d6d54c1a29eb.jpg,4000,3000,human,920,2217,998,2277
train_ZRI_3034_JPG.rf.7620714fe6c1646895d1d6d54c1a29eb.jpg,4000,3000,human,1306,2410,1391,2486
train_ZRI_3034_JPG.rf.7620714fe6c1646895d1d6d54c1a29eb.jpg,4000,3000,human,1551,2659,1614,2739
train_ZRI_3034_JPG.rf.7620714fe6c1646895d1d6d54c1a29eb.jpg,4000,3000,human,157,2275,265,2343
train_ZRI_3034_JPG.rf.7620714fe6c1646895d1d6d54c1a29eb.jpg,4000,3000,human,11,2082,131,2142
train_ZRI_3034_JPG.rf.7620714fe6c1646895d1d6d54c1a29eb.jpg,4000,3000,human,0,2143,85,2192
train_ZRI_3034_JPG.rf.7620714fe6c1646895d1d6d54c1a29eb.jpg,4000,3000,human,807,2806,897,2889
train_ZRI_3034_JPG.rf.7620714fe6c1646895d1d6d54c1a29eb.jpg,4000,3000,human,703,2780,779,2876
train_ZRI_3034_JPG.rf.7620714fe6c1646895d1d6d54c1a29eb.jpg,4000,3000,human,1735,2726,1803,2824
train_ZRI_3034_JPG.rf.7620714fe6c1646895d1d6d54c1a29eb.jpg,4000,3000,human,2838,1622,2924,1682
train_ZRI_3034_JPG.rf.7620714fe6c1646895d1d6d54c1a29eb.jpg,4000,3000,human,2990,1688,3068,1750
train_ZRI_3034_JPG.rf.7620714fe6c1646895d1d6d54c1a29eb.jpg,4000,3000,human,2705,2150,2777,2224
train_ZRI_3034_JPG.rf.7620714fe6c1646895d1d6d54c1a29eb.jpg,4000,3000,human,2823,1082,2894,1137
train_ZRI_3034_JPG.rf.7620714fe6c1646895d1d6d54c1a29eb.jpg,4000,3000,human,3353,1491,3448,1551
train_ZRI_3034_JPG.rf.7620714fe6c1646895d1d6d54c1a29eb.jpg,4000,3000,human,3130,2442,3201,2510
train_ZRI_3034_JPG.rf.7620714fe6c1646895d1d6d54c1a29eb.jpg,4000,3000,human,3479,2594,3593,2669

train_RAK_0053_JPG.rf.7675563fa6a29350545c1470c9490227.jpg,4000,3000,human,1822,777,1968,848

train_CAP_0054_JPG.rf.769ba4ad655144ddcdfb2c9bc607d319.jpg,4000,3000,human,1926,2584,2005,2668
train_CAP_0054_JPG.rf.769ba4ad655144ddcdfb2c9bc607d319.jpg,4000,3000,human,2408,2957,2478,2999
train_VRD_3015_JPG.rf.7725d04c8214bcad440fa62d71858608.jpg,4000,3000,human,1439,863,1491,919

train_SB_0023_JPG.rf.770ff032fe2ebdd720b92d78c92bd189.jpg,4000,3000,human,2212,1597,2247,1623
train_SB_0023_JPG.rf.770ff032fe2ebdd720b92d78c92bd189.jpg,4000,3000,human,1797,2158,1831,2196
train_SB_0023_JPG.rf.770ff032fe2ebdd720b92d78c92bd189.jpg,4000,3000,human,2304,2837,2350,2889

train_JAS_0179_JPG.rf.7772671ce9c30949238b599da3d94ab6.jpg,4000,3000,human,2037,2764,2087,2841
train_ZRI_3004_JPG.rf.784028863d3be138d37b8fc7b16c5921.jpg,4000,3000,human,2748,1699,2879,1805
train_ZRI_3004_JPG.rf.784028863d3be138d37b8fc7b16c5921.jpg,4000,3000,human,2769,1396,2826,1520
train_ZRI_3004_JPG.rf.784028863d3be138d37b8fc7b16c5921.jpg,4000,3000,human,2905,1224,2976,1295
train_ZRI_3004_JPG.rf.784028863d3be138d37b8fc7b16c5921.jpg,4000,3000,human,2648,699,2727,791
train_ZRI_3004_JPG.rf.784028863d3be138d37b8fc7b16c5921.jpg,4000,3000,human,3038,747,3106,814
train_ZRI_3004_JPG.rf.784028863d3be138d37b8fc7b16c5921.jpg,4000,3000,human,3217,2228,3285,2290
train_ZRI_3004_JPG.rf.784028863d3be138d37b8fc7b16c5921.jpg,4000,3000,human,2643,2524,2694,2611
train_ZRI_3004_JPG.rf.784028863d3be138d37b8fc7b16c5921.jpg,4000,3000,human,3029,2637,3082,2699
train_ZRI_3004_JPG.rf.784028863d3be138d37b8fc7b16c5921.jpg,4000,3000,human,2701,2900,2779,2964
train_ZRI_3004_JPG.rf.784028863d3be138d37b8fc7b16c5921.jpg,4000,3000,human,2053,2555,2131,2611
train_ZRI_3004_JPG.rf.784028863d3be138d37b8fc7b16c5921.jpg,4000,3000,human,2210,2236,2283,2305
train_GOR_3020_JPG.rf.7731674b860fd9b93c743fd8de1d9a8a.jpg,4000,3000,human,1076,650,1113,694
train_GOR_3020_JPG.rf.7731674b860fd9b93c743fd8de1d9a8a.jpg,4000,3000,human,2445,1003,2495,1081
train_BRS_0038_JPG.rf.7864c95f2842e6514b9ad0e858f6bedc.jpg,4000,3000,human,1669,489,1705,548
train_BRS_0038_JPG.rf.7864c95f2842e6514b9ad0e858f6bedc.jpg,4000,3000,human,3848,798,3933,860
train_BRS_0038_JPG.rf.7864c95f2842e6514b9ad0e858f6bedc.jpg,4000,3000,human,3785,746,3871,796
train_BRK_1013_JPG.rf.78a6b91084206f702a99c7432ab4a94e.jpg,4000,3000,human,987,2697,1033,2741
train_BRK_1013_JPG.rf.78a6b91084206f702a99c7432ab4a94e.jpg,4000,3000,human,2112,1897,2146,1953

train_MED_4030_JPG.rf.78380459455dcb8b5f606717b64b8688.jpg,4000,3000,human,1122,206,1190,288
train_GOR_3032_JPG.rf.781f3cb08336bb7ec5f3a4f23d45c6b7.jpg,4000,3000,human,1231,1734,1288,1871
train_GOR_3032_JPG.rf.781f3cb08336bb7ec5f3a4f23d45c6b7.jpg,4000,3000,human,2523,2247,2588,2383


train_ZRI_2029_JPG.rf.7855bd9e53e16543a02b344c471c7e6d.jpg,4000,3000,human,1634,1441,1690,1498
train_ZRI_2029_JPG.rf.7855bd9e53e16543a02b344c471c7e6d.jpg,4000,3000,human,1788,1436,1854,1488
train_ZRI_2029_JPG.rf.7855bd9e53e16543a02b344c471c7e6d.jpg,4000,3000,human,3579,2129,3704,2197
train_ZRI_2060_JPG.rf.7859dc4a8ee4842f074860f40fa4ba04.jpg,4000,3000,human,3205,1265,3271,1308
train_ZRI_2060_JPG.rf.7859dc4a8ee4842f074860f40fa4ba04.jpg,4000,3000,human,3147,1195,3215,1255
train_ZRI_2060_JPG.rf.7859dc4a8ee4842f074860f40fa4ba04.jpg,4000,3000,human,2035,1154,2103,1206
train_ZRI_2060_JPG.rf.7859dc4a8ee4842f074860f40fa4ba04.jpg,4000,3000,human,1962,1111,1999,1146
train_ZRI_2060_JPG.rf.7859dc4a8ee4842f074860f40fa4ba04.jpg,4000,3000,human,2046,1046,2112,1099
train_ZRI_2060_JPG.rf.7859dc4a8ee4842f074860f40fa4ba04.jpg,4000,3000,human,1838,2358,1896,2428
train_ZRI_2060_JPG.rf.7859dc4a8ee4842f074860f40fa4ba04.jpg,4000,3000,human,1777,2419,1832,2499
train_ZRI_2060_JPG.rf.7859dc4a8ee4842f074860f40fa4ba04.jpg,4000,3000,human,1852,2100,1904,2146
train_ZRI_2060_JPG.rf.7859dc4a8ee4842f074860f40fa4ba04.jpg,4000,3000,human,1765,2039,1807,2095
train_ZRI_2060_JPG.rf.7859dc4a8ee4842f074860f40fa4ba04.jpg,4000,3000,human,1836,2062,1878,2100
train_ZRI_2060_JPG.rf.7859dc4a8ee4842f074860f40fa4ba04.jpg,4000,3000,human,1869,2003,1908,2042
train_ZRI_2060_JPG.rf.7859dc4a8ee4842f074860f40fa4ba04.jpg,4000,3000,human,1922,1992,1982,2043
train_ZRI_2060_JPG.rf.7859dc4a8ee4842f074860f40fa4ba04.jpg,4000,3000,human,1982,1971,2010,2007
train_ZRI_2060_JPG.rf.7859dc4a8ee4842f074860f40fa4ba04.jpg,4000,3000,human,2031,1937,2066,1991
train_ZRI_2060_JPG.rf.7859dc4a8ee4842f074860f40fa4ba04.jpg,4000,3000,human,2100,1968,2141,2015
train_ZRI_2060_JPG.rf.7859dc4a8ee4842f074860f40fa4ba04.jpg,4000,3000,human,2172,1959,2206,1998
train_ZRI_2060_JPG.rf.7859dc4a8ee4842f074860f40fa4ba04.jpg,4000,3000,human,2285,1996,2331,2032
train_ZRI_2060_JPG.rf.7859dc4a8ee4842f074860f40fa4ba04.jpg,4000,3000,human,2162,2545,2217,2615
train_ZRI_2060_JPG.rf.7859dc4a8ee4842f074860f40fa4ba04.jpg,4000,3000,human,2106,2625,2173,2704
train_ZRI_2060_JPG.rf.7859dc4a8ee4842f074860f40fa4ba04.jpg,4000,3000,human,3039,2208,3127,2288
train_ZRI_2060_JPG.rf.7859dc4a8ee4842f074860f40fa4ba04.jpg,4000,3000,human,2973,1723,3063,1773
train_ZRI_2060_JPG.rf.7859dc4a8ee4842f074860f40fa4ba04.jpg,4000,3000,human,3043,1681,3109,1723
train_ZRI_2060_JPG.rf.7859dc4a8ee4842f074860f40fa4ba04.jpg,4000,3000,human,1906,1530,1962,1586
train_ZRI_2060_JPG.rf.7859dc4a8ee4842f074860f40fa4ba04.jpg,4000,3000,human,1909,1643,1941,1684
train_ZRI_2060_JPG.rf.7859dc4a8ee4842f074860f40fa4ba04.jpg,4000,3000,human,780,1383,863,1453
train_ZRI_2060_JPG.rf.7859dc4a8ee4842f074860f40fa4ba04.jpg,4000,3000,human,839,1506,919,1555
train_ZRI_2060_JPG.rf.7859dc4a8ee4842f074860f40fa4ba04.jpg,4000,3000,human,471,1078,572,1142
train_ZRI_2060_JPG.rf.7859dc4a8ee4842f074860f40fa4ba04.jpg,4000,3000,human,714,816,801,906
train_ZRI_2060_JPG.rf.7859dc4a8ee4842f074860f40fa4ba04.jpg,4000,3000,human,337,1112,397,1160
train_ZRI_2060_JPG.rf.7859dc4a8ee4842f074860f40fa4ba04.jpg,4000,3000,human,96,1508,180,1586
train_ZRI_2060_JPG.rf.7859dc4a8ee4842f074860f40fa4ba04.jpg,4000,3000,human,249,1639,352,1694
train_ZRI_2060_JPG.rf.7859dc4a8ee4842f074860f40fa4ba04.jpg,4000,3000,human,2201,710,2279,782
train_ZRI_2060_JPG.rf.7859dc4a8ee4842f074860f40fa4ba04.jpg,4000,3000,human,2075,2224,2107,2259

train_JAS_0065_JPG.rf.77a9301b451325f8aede58ed1b7a3279.jpg,4000,3000,human,1341,811,1405,882


train_GOR_3007_JPG.rf.78eeb9c8cfceda73c8a99e58a942c2d2.jpg,4000,3000,human,763,1144,840,1210
train_GOR_3007_JPG.rf.78eeb9c8cfceda73c8a99e58a942c2d2.jpg,4000,3000,human,1863,1460,1899,1507
train_MED_3064_JPG.rf.794b9f10c5038a302e8760da451a5f80.jpg,4000,3000,human,3429,2219,3495,2273
train_MED_3064_JPG.rf.794b9f10c5038a302e8760da451a5f80.jpg,4000,3000,human,3655,2057,3729,2121
train_MED_3064_JPG.rf.794b9f10c5038a302e8760da451a5f80.jpg,4000,3000,human,1258,1267,1307,1313

train_VRD_2050_JPG.rf.797f2a64d2202c737174b844590b0520.jpg,4000,3000,human,721,2427,787,2560
train_GOR_3006_JPG.rf.78f80d40f9df40af924faebcdca0e1b9.jpg,4000,3000,human,1109,1281,1188,1345
train_GOR_3006_JPG.rf.78f80d40f9df40af924faebcdca0e1b9.jpg,4000,3000,human,1866,1471,1914,1518
train_BRS_0018_JPG.rf.7a00aaafff062eb08cf30a35bd9f1a51.jpg,4000,3000,human,808,438,858,504


train_JAS_0007_JPG.rf.7999363f6f2c45acb1b89ad1e648067c.jpg,4000,3000,human,1289,1180,1354,1244
train_VRD_0115_JPG.rf.79fa4d24a00c6b86fa48d859ea7286c5.jpg,4000,3000,human,2401,2228,2459,2288


train_BRK_2073_JPG.rf.7a58598735ba7cee1b2d8f576d476be7.jpg,4000,3000,human,965,2063,1020,2103
train_BRK_2073_JPG.rf.7a58598735ba7cee1b2d8f576d476be7.jpg,4000,3000,human,1778,1259,1815,1306
train_MED_3037_JPG.rf.7af3548a5b4046e75e794edb4bd27b34.jpg,4000,3000,human,1375,1785,1439,1841
train_MED_3037_JPG.rf.7af3548a5b4046e75e794edb4bd27b34.jpg,4000,3000,human,1628,5,1674,103
train_BRK_2093_JPG.rf.7a7ea057317cf653bcf00aae88050773.jpg,4000,3000,human,2592,1019,2664,1081
train_ZRI_3017_JPG.rf.7adeae3e19f0cee2614489ba4e5e0ac7.jpg,4000,3000,human,505,1025,591,1092
train_ZRI_3017_JPG.rf.7adeae3e19f0cee2614489ba4e5e0ac7.jpg,4000,3000,human,547,1022,638,1082

train_MED_3066_JPG.rf.7aa98c8cb92c647590155c97b909aa7e.jpg,4000,3000,human,1961,1841,2009,1905
train_MED_3066_JPG.rf.7aa98c8cb92c647590155c97b909aa7e.jpg,4000,3000,human,1871,1406,1937,1466
train_MED_3066_JPG.rf.7aa98c8cb92c647590155c97b909aa7e.jpg,4000,3000,human,2219,290,2278,450
train_VRD_0155_JPG.rf.7bc8c9d778d8555be18d11b4a61a7f90.jpg,4000,3000,human,1730,500,1767,556
train_VRD_0155_JPG.rf.7bc8c9d778d8555be18d11b4a61a7f90.jpg,4000,3000,human,1783,524,1811,583

train_GOR_3065_JPG.rf.7b997caae3023faf24a520e2e971eff2.jpg,4000,3000,human,2721,1582,2774,1632
train_GOR_3065_JPG.rf.7b997caae3023faf24a520e2e971eff2.jpg,4000,3000,human,2565,1090,2615,1146
train_GOR_3042_JPG.rf.7c11b8f7a541bb0ae728631cf3c2580e.jpg,4000,3000,human,1356,1463,1435,1515
train_GOR_3042_JPG.rf.7c11b8f7a541bb0ae728631cf3c2580e.jpg,4000,3000,human,1012,1897,1070,1944

train_GOR_1040_JPG.rf.7b4fb6a9ef46a132be229f431b6431ed.jpg,4000,3000,human,1905,1423,1953,1488

train_JAS_0114_JPG.rf.7c4b5f70ded16aa0e702f7d15666d59f.jpg,4000,3000,human,3167,2392,3257,2455
train_BRK_2057_JPG.rf.7cdf389d05d641e8c3a8e25c02c51dd5.jpg,4000,3000,human,1728,1778,1827,1835
train_BRK_2057_JPG.rf.7cdf389d05d641e8c3a8e25c02c51dd5.jpg,4000,3000,human,3411,1556,3506,1632
train_MED_4027_JPG.rf.7cbeec55830bb319b47b1c054c7af136.jpg,4000,3000,human,3685,1012,3756,1068

train_ZRI_2014_JPG.rf.7dbb926b8287444822358683b7ab70c8.jpg,4000,3000,human,356,2052,471,2102
train_ZRI_2014_JPG.rf.7dbb926b8287444822358683b7ab70c8.jpg,4000,3000,human,558,2461,619,2517
train_ZRI_2014_JPG.rf.7dbb926b8287444822358683b7ab70c8.jpg,4000,3000,human,732,2220,803,2282
train_ZRI_2014_JPG.rf.7dbb926b8287444822358683b7ab70c8.jpg,4000,3000,human,592,2140,682,2192
train_ZRI_2014_JPG.rf.7dbb926b8287444822358683b7ab70c8.jpg,4000,3000,human,623,2093,677,2141
train_ZRI_2014_JPG.rf.7dbb926b8287444822358683b7ab70c8.jpg,4000,3000,human,927,1699,999,1751
train_ZRI_2014_JPG.rf.7dbb926b8287444822358683b7ab70c8.jpg,4000,3000,human,1224,1715,1280,1761
train_ZRI_2014_JPG.rf.7dbb926b8287444822358683b7ab70c8.jpg,4000,3000,human,1709,2372,1745,2448
train_ZRI_2014_JPG.rf.7dbb926b8287444822358683b7ab70c8.jpg,4000,3000,human,1167,2638,1227,2725
train_ZRI_2014_JPG.rf.7dbb926b8287444822358683b7ab70c8.jpg,4000,3000,human,514,1619,589,1663
train_ZRI_2014_JPG.rf.7dbb926b8287444822358683b7ab70c8.jpg,4000,3000,human,1362,718,1440,786
train_ZRI_2014_JPG.rf.7dbb926b8287444822358683b7ab70c8.jpg,4000,3000,human,2868,2023,2945,2080
train_ZRI_2014_JPG.rf.7dbb926b8287444822358683b7ab70c8.jpg,4000,3000,human,3460,1198,3529,1261
train_ZRI_2009_JPG.rf.7db387498242e4325155aae9758d1d6d.jpg,4000,3000,human,459,645,556,717
train_ZRI_2009_JPG.rf.7db387498242e4325155aae9758d1d6d.jpg,4000,3000,human,41,1557,104,1587
train_JAS_0109_JPG.rf.7cf52bf7123e81cd4f4b6e4f3d6b2083.jpg,4000,3000,human,1839,1809,1909,1879


train_VRD_3017_JPG.rf.7dfe391638f5783ee3b91d759ad2aac1.jpg,4000,3000,human,1368,1598,1427,1656

train_RAK_0069_JPG.rf.7e9ea0f38b6ee9ea624133f380e33966.jpg,4000,3000,human,1968,894,2027,948
train_RAK_0031_JPG.rf.7eaa7e58991fb86a71d9c926f74f169f.jpg,4000,3000,human,1711,1455,1765,1509
train_ZRI_2080_JPG.rf.d228154309b865c8c2a76c506f718c46.jpg,4000,3000,human,1589,2080,1638,2138
train_ZRI_2080_JPG.rf.d228154309b865c8c2a76c506f718c46.jpg,4000,3000,human,1500,1963,1550,2020
train_ZRI_2080_JPG.rf.d228154309b865c8c2a76c506f718c46.jpg,4000,3000,human,1532,1919,1574,1956
train_ZRI_2080_JPG.rf.d228154309b865c8c2a76c506f718c46.jpg,4000,3000,human,1660,2072,1717,2115
train_ZRI_2080_JPG.rf.d228154309b865c8c2a76c506f718c46.jpg,4000,3000,human,2300,1808,2345,1856
train_ZRI_2080_JPG.rf.d228154309b865c8c2a76c506f718c46.jpg,4000,3000,human,2340,1805,2378,1851
train_ZRI_2080_JPG.rf.d228154309b865c8c2a76c506f718c46.jpg,4000,3000,human,2138,793,2197,855
train_ZRI_2080_JPG.rf.d228154309b865c8c2a76c506f718c46.jpg,4000,3000,human,2153,736,2191,790
train_ZRI_2080_JPG.rf.d228154309b865c8c2a76c506f718c46.jpg,4000,3000,human,1253,136,1318,232
train_ZRI_2080_JPG.rf.d228154309b865c8c2a76c506f718c46.jpg,4000,3000,human,1365,104,1414,180
train_ZRI_2080_JPG.rf.d228154309b865c8c2a76c506f718c46.jpg,4000,3000,human,1322,175,1356,230
train_ZRI_2080_JPG.rf.d228154309b865c8c2a76c506f718c46.jpg,4000,3000,human,2573,2412,2635,2466
train_ZRI_2080_JPG.rf.d228154309b865c8c2a76c506f718c46.jpg,4000,3000,human,3899,492,3954,541
train_BRK_2058_JPG.rf.d1b708d1f42561679467ae25528aa695.jpg,4000,3000,human,1736,1781,1834,1843
train_BRK_2058_JPG.rf.d1b708d1f42561679467ae25528aa695.jpg,4000,3000,human,3419,1557,3520,1631


train_ZRI_3021_JPG.rf.d1d9af250bb261d1f079927333a0ce39.jpg,4000,3000,human,1213,1554,1282,1663
train_ZRI_3021_JPG.rf.d1d9af250bb261d1f079927333a0ce39.jpg,4000,3000,human,1121,2285,1174,2341
train_ZRI_3021_JPG.rf.d1d9af250bb261d1f079927333a0ce39.jpg,4000,3000,human,1580,2207,1645,2292
train_ZRI_3021_JPG.rf.d1d9af250bb261d1f079927333a0ce39.jpg,4000,3000,human,1870,2445,1952,2518
train_ZRI_3021_JPG.rf.d1d9af250bb261d1f079927333a0ce39.jpg,4000,3000,human,1942,2031,2031,2112
train_ZRI_3021_JPG.rf.d1d9af250bb261d1f079927333a0ce39.jpg,4000,3000,human,1162,2608,1264,2691
train_ZRI_3021_JPG.rf.d1d9af250bb261d1f079927333a0ce39.jpg,4000,3000,human,3159,2686,3231,2744
train_ZRI_3021_JPG.rf.d1d9af250bb261d1f079927333a0ce39.jpg,4000,3000,human,3634,2501,3699,2624
train_ZRI_3021_JPG.rf.d1d9af250bb261d1f079927333a0ce39.jpg,4000,3000,human,2750,2009,2805,2074
train_ZRI_3021_JPG.rf.d1d9af250bb261d1f079927333a0ce39.jpg,4000,3000,human,2654,1958,2734,2009
train_ZRI_3021_JPG.rf.d1d9af250bb261d1f079927333a0ce39.jpg,4000,3000,human,2750,1823,2822,1872
train_ZRI_3021_JPG.rf.d1d9af250bb261d1f079927333a0ce39.jpg,4000,3000,human,3070,1437,3151,1486
train_ZRI_3021_JPG.rf.d1d9af250bb261d1f079927333a0ce39.jpg,4000,3000,human,3011,1269,3104,1324
train_ZRI_3021_JPG.rf.d1d9af250bb261d1f079927333a0ce39.jpg,4000,3000,human,516,904,600,996
train_ZRI_3021_JPG.rf.d1d9af250bb261d1f079927333a0ce39.jpg,4000,3000,human,2511,226,2566,306
train_ZRI_3021_JPG.rf.d1d9af250bb261d1f079927333a0ce39.jpg,4000,3000,human,2603,209,2657,302
train_ZRI_3021_JPG.rf.d1d9af250bb261d1f079927333a0ce39.jpg,4000,3000,human,1835,1638,1895,1720

train_BRS_0061_JPG.rf.cf9f40989deeca7fee446d651da1519d.jpg,4000,3000,human,2791,91,2834,168
train_BRS_0061_JPG.rf.cf9f40989deeca7fee446d651da1519d.jpg,4000,3000,human,2213,1893,2255,1941
train_BRK_2108_JPG.rf.d2123b3a55179f8633ee41151ff8b786.jpg,4000,3000,human,2389,1064,2464,1128
train_BRK_2108_JPG.rf.d2123b3a55179f8633ee41151ff8b786.jpg,4000,3000,human,2268,2345,2348,2499
train_VRD_3098_JPG.rf.cef565611d6849a1225aef337af24efc.jpg,4000,3000,human,1886,2228,1920,2282


train_ZRI_2025_JPG.rf.d14cd3ee8ef1df8da9729919795f1515.jpg,4000,3000,human,506,2280,610,2340
train_ZRI_2025_JPG.rf.d14cd3ee8ef1df8da9729919795f1515.jpg,4000,3000,human,451,2393,490,2434
train_ZRI_2025_JPG.rf.d14cd3ee8ef1df8da9729919795f1515.jpg,4000,3000,human,872,1790,948,1861
train_ZRI_2025_JPG.rf.d14cd3ee8ef1df8da9729919795f1515.jpg,4000,3000,human,1010,1719,1073,1771
train_ZRI_2025_JPG.rf.d14cd3ee8ef1df8da9729919795f1515.jpg,4000,3000,human,957,1679,1039,1732
train_ZRI_2025_JPG.rf.d14cd3ee8ef1df8da9729919795f1515.jpg,4000,3000,human,1890,610,1942,676
train_ZRI_2025_JPG.rf.d14cd3ee8ef1df8da9729919795f1515.jpg,4000,3000,human,2491,1243,2543,1283
train_ZRI_2025_JPG.rf.d14cd3ee8ef1df8da9729919795f1515.jpg,4000,3000,human,2458,1368,2528,1411
train_JAS_0171_JPG.rf.d0da8b043e117bedd021a4ab98df2789.jpg,4000,3000,human,1829,2762,1871,2832
train_GOR_3040_JPG.rf.d1fdced8fa7c7b52198e3f2fd91a51fa.jpg,4000,3000,human,17,1920,124,1969

train_GOR_1067_JPG.rf.cf1e4ede5bce6be08359308e15194e12.jpg,4000,3000,human,547,2622,649,2705
train_GOR_1059_JPG.rf.cf0f74c58e69f62a168e86efe4eca4ca.jpg,4000,3000,human,1251,1787,1308,1853
train_GOR_1069_JPG.rf.d2723d27fc2b98a23bc546e70946c613.jpg,4000,3000,human,1262,1953,1318,1998
train_SB_0001_JPG.rf.cf538d14dc5be17ca54f7b5f23875d16.jpg,4000,3000,human,1380,1012,1448,1054
train_SB_0001_JPG.rf.cf538d14dc5be17ca54f7b5f23875d16.jpg,4000,3000,human,1971,2159,2035,2200
train_BRK_2009_JPG.rf.d0876f9bb168759215f9938d8417366d.jpg,4000,3000,human,1814,1604,1855,1691
train_BRK_2009_JPG.rf.d0876f9bb168759215f9938d8417366d.jpg,4000,3000,human,1319,2028,1364,2101
train_BRA_1037_JPG.rf.d0749cbb668fa00fa292ba804eb868ad.jpg,4000,3000,human,746,488,826,564
train_GOR_3009_JPG.rf.d08bc2f123141a1eee5a066b61fa22aa.jpg,4000,3000,human,1057,384,1133,480
train_GOR_3009_JPG.rf.d08bc2f123141a1eee5a066b61fa22aa.jpg,4000,3000,human,2098,674,2140,746
train_VRD_0005_JPG.rf.d31b1a3de5916fc24d19b57dbcd37200.jpg,4000,3000,human,3800,1299,3925,1347
train_GOR_3053_JPG.rf.d1bae89925a5c6927b4342406b745058.jpg,4000,3000,human,2292,2665,2354,2722
train_GOR_3053_JPG.rf.d1bae89925a5c6927b4342406b745058.jpg,4000,3000,human,2538,2458,2588,2511
train_MED_4009_JPG.rf.d3742994c1d5b2caad7829e4abfeaba9.jpg,4000,3000,human,449,281,513,373
train_MED_4009_JPG.rf.d3742994c1d5b2caad7829e4abfeaba9.jpg,4000,3000,human,1571,1061,1614,1152

train_RAK_0071_JPG.rf.d2e5953369cca62cc0682e7060d4e290.jpg,4000,3000,human,2083,2134,2141,2202


train_TRS_0025_JPG.rf.d376bcec5a86302408fc96b36d792d76.jpg,4000,3000,human,1242,1525,1295,1559
train_TRS_0025_JPG.rf.d376bcec5a86302408fc96b36d792d76.jpg,4000,3000,human,2166,2161,2208,2204
train_TRS_0025_JPG.rf.d376bcec5a86302408fc96b36d792d76.jpg,4000,3000,human,1427,2640,1469,2686
train_BRK_2097_JPG.rf.d3e26c9f8e8f0358dc892917b3cec2fd.jpg,4000,3000,human,2928,1093,3001,1159
train_BRK_2097_JPG.rf.d3e26c9f8e8f0358dc892917b3cec2fd.jpg,4000,3000,human,2732,2448,2813,2543
train_JAS_0077_JPG.rf.d4049c94c2794eca78608e4eea389306.jpg,4000,3000,human,937,2086,1023,2134

train_MED_4054_JPG.rf.d4829e26368f2da4434bad6ba5600a30.jpg,4000,3000,human,156,1038,251,1129
train_MED_4054_JPG.rf.d4829e26368f2da4434bad6ba5600a30.jpg,4000,3000,human,217,952,301,1022
train_MED_4054_JPG.rf.d4829e26368f2da4434bad6ba5600a30.jpg,4000,3000,human,507,366,559,446
train_MED_4054_JPG.rf.d4829e26368f2da4434bad6ba5600a30.jpg,4000,3000,human,968,438,1039,496
train_MED_4054_JPG.rf.d4829e26368f2da4434bad6ba5600a30.jpg,4000,3000,human,2811,422,2874,504
train_TRS_0048_JPG.rf.d4e16b64222d1df364097e59c753ebb9.jpg,4000,3000,human,1225,248,1265,284
train_TRS_0048_JPG.rf.d4e16b64222d1df364097e59c753ebb9.jpg,4000,3000,human,2572,2637,2615,2686
train_TRS_0048_JPG.rf.d4e16b64222d1df364097e59c753ebb9.jpg,4000,3000,human,952,2169,996,2217
train_ZRI_2042_JPG.rf.d4b798504885812df5052832f6c4861b.jpg,4000,3000,human,532,2184,604,2242
train_ZRI_2042_JPG.rf.d4b798504885812df5052832f6c4861b.jpg,4000,3000,human,661,2188,732,2234
train_ZRI_2042_JPG.rf.d4b798504885812df5052832f6c4861b.jpg,4000,3000,human,653,2253,746,2311
train_ZRI_2042_JPG.rf.d4b798504885812df5052832f6c4861b.jpg,4000,3000,human,3226,2177,3338,2257
train_ZRI_2042_JPG.rf.d4b798504885812df5052832f6c4861b.jpg,4000,3000,human,3362,2306,3434,2369
train_ZRI_2042_JPG.rf.d4b798504885812df5052832f6c4861b.jpg,4000,3000,human,1389,2349,1455,2426
train_MED_4068_JPG.rf.d4fce7442f427dc5a9718b9fc8bdb531.jpg,4000,3000,human,1119,1557,1184,1608
train_MED_4068_JPG.rf.d4fce7442f427dc5a9718b9fc8bdb531.jpg,4000,3000,human,1214,1527,1292,1576
train_MED_4068_JPG.rf.d4fce7442f427dc5a9718b9fc8bdb531.jpg,4000,3000,human,3776,2168,3872,2231
train_MED_4068_JPG.rf.d4fce7442f427dc5a9718b9fc8bdb531.jpg,4000,3000,human,3732,2855,3818,2923
train_BRK_2012_JPG.rf.d4d3566761bde5aa6aa49554e8979f95.jpg,4000,3000,human,1335,1994,1380,2060
train_BRK_2012_JPG.rf.d4d3566761bde5aa6aa49554e8979f95.jpg,4000,3000,human,1830,1576,1871,1663
train_GOR_3029_JPG.rf.d541b4835326c95afd08e45f3233dd37.jpg,4000,3000,human,1227,1835,1278,1881
train_GOR_3029_JPG.rf.d541b4835326c95afd08e45f3233dd37.jpg,4000,3000,human,2533,2235,2615,2292
train_JAS_0168_JPG.rf.d5b9f449b46b5d890f88e0a1c6af8f56.jpg,4000,3000,human,2250,2311,2283,2356
train_JAS_0168_JPG.rf.d5b9f449b46b5d890f88e0a1c6af8f56.jpg,4000,3000,human,2589,0,2665,80

train_SB_0020_JPG.rf.d56c12b88fc86467a6bd77fd426fc841.jpg,4000,3000,human,1549,2412,1587,2454
train_SB_0020_JPG.rf.d56c12b88fc86467a6bd77fd426fc841.jpg,4000,3000,human,2027,1876,2064,1926
train_ZRI_2023_JPG.rf.d59dfdda20dc2b64acc6045fcf5fa2ca.jpg,4000,3000,human,2566,231,2615,302
train_ZRI_2023_JPG.rf.d59dfdda20dc2b64acc6045fcf5fa2ca.jpg,4000,3000,human,2636,97,2692,142
train_ZRI_2023_JPG.rf.d59dfdda20dc2b64acc6045fcf5fa2ca.jpg,4000,3000,human,958,83,1023,153
train_ZRI_2023_JPG.rf.d59dfdda20dc2b64acc6045fcf5fa2ca.jpg,4000,3000,human,920,596,959,644
train_ZRI_2023_JPG.rf.d59dfdda20dc2b64acc6045fcf5fa2ca.jpg,4000,3000,human,109,1210,219,1266
train_VRD_3106_JPG.rf.d53b8321255270df1470dfea8ebba037.jpg,4000,3000,human,2248,1350,2301,1489
train_VRD_0060_JPG.rf.d5252c65cfb01f260bbd6d1ae31719e7.jpg,4000,3000,human,388,1350,456,1387


train_GOR_3012_JPG.rf.d6dfc4a56d22bfd5c6fd8206ce5aac83.jpg,4000,3000,human,901,571,985,654
train_GOR_3012_JPG.rf.d6dfc4a56d22bfd5c6fd8206ce5aac83.jpg,4000,3000,human,2072,665,2115,741

train_GOR_3039_JPG.rf.d715cff119f4aa533e5cb23b83424eef.jpg,4000,3000,human,199,1893,309,1952
train_BRS_0036_JPG.rf.d83883c897988dc8df30482ba8377590.jpg,4000,3000,human,2398,1135,2435,1186
train_BRS_0036_JPG.rf.d83883c897988dc8df30482ba8377590.jpg,4000,3000,human,2343,1084,2372,1122
train_BRS_0036_JPG.rf.d83883c897988dc8df30482ba8377590.jpg,4000,3000,human,137,859,201,904

train_JAS_0131_JPG.rf.d88ff0d5a668e0bde13d29713d400c07.jpg,4000,3000,human,2660,1777,2705,1830
train_TRS_0021_JPG.rf.da7d7919bed34532735d2f9ec652a7b7.jpg,4000,3000,human,1268,1528,1315,1562
train_TRS_0021_JPG.rf.da7d7919bed34532735d2f9ec652a7b7.jpg,4000,3000,human,1446,2630,1485,2674

train_VRD_3014_JPG.rf.d96d4403edbb48d8f98b477f4a7e50c6.jpg,4000,3000,human,1500,500,1537,568
train_JAS_0084_JPG.rf.d8c622b811474f8af671a52b6be6251c.jpg,4000,3000,human,913,2252,991,2306
train_CAP_0061_JPG.rf.da7dce5da7afba78c5a66c193ffee128.jpg,4000,3000,human,1769,975,1842,1155
train_CAP_0061_JPG.rf.da7dce5da7afba78c5a66c193ffee128.jpg,4000,3000,human,2770,999,2850,1158
train_GOR_3064_JPG.rf.d9d9a9830b4e1d6eea9976bac17f727b.jpg,4000,3000,human,2565,1083,2613,1145
train_GOR_3064_JPG.rf.d9d9a9830b4e1d6eea9976bac17f727b.jpg,4000,3000,human,2722,1591,2777,1638
train_GOR_1072_JPG.rf.da9065cff14c185a381a434379f1f299.jpg,4000,3000,human,0,1232,161,1322
train_GOR_1072_JPG.rf.da9065cff14c185a381a434379f1f299.jpg,4000,3000,human,845,176,956,275
train_BRS_0015_JPG.rf.dabd42b1c3e8e11c2685938f8fbb7f71.jpg,4000,3000,human,0,1772,64,1810

train_GOR_2007_JPG.rf.dbb57044feb6fee293d85c22048918c5.jpg,4000,3000,human,1841,1052,1878,1092
train_GOR_2007_JPG.rf.dbb57044feb6fee293d85c22048918c5.jpg,4000,3000,human,1844,1136,1877,1179
train_VRD_2004_JPG.rf.db89ec79ff2e3625abe7b9c02a2e7bcd.jpg,4000,3000,human,658,31,750,122

train_TRS_0020_JPG.rf.dc7cc1fcf8afd36e126fd9897c7338a5.jpg,4000,3000,human,1262,1522,1309,1560
train_TRS_0020_JPG.rf.dc7cc1fcf8afd36e126fd9897c7338a5.jpg,4000,3000,human,971,1678,1021,1703
train_TRS_0020_JPG.rf.dc7cc1fcf8afd36e126fd9897c7338a5.jpg,4000,3000,human,1439,2627,1482,2670
train_MED_3020_JPG.rf.dc6f2c0730c89482ea2e5b37c7598ece.jpg,4000,3000,human,2220,1016,2299,1177
train_MED_3020_JPG.rf.dc6f2c0730c89482ea2e5b37c7598ece.jpg,4000,3000,human,2281,1257,2360,1409
train_BRK_2074_JPG.rf.dc7e89c37b17c0737efe1bb2e86e4705.jpg,4000,3000,human,1497,1580,1537,1609
train_BRK_2074_JPG.rf.dc7e89c37b17c0737efe1bb2e86e4705.jpg,4000,3000,human,1138,1970,1176,2005
train_TRS_0018_JPG.rf.dc84e25ce852dabdd964e180f989a0bd.jpg,4000,3000,human,1275,1518,1325,1548
train_TRS_0018_JPG.rf.dc84e25ce852dabdd964e180f989a0bd.jpg,4000,3000,human,1461,2637,1495,2689


train_ZRI_2005_JPG.rf.ddeba5ab818638692890ff03ac1c080f.jpg,4000,3000,human,1802,489,1841,537
train_ZRI_2005_JPG.rf.ddeba5ab818638692890ff03ac1c080f.jpg,4000,3000,human,1718,393,1761,440
train_ZRI_2005_JPG.rf.ddeba5ab818638692890ff03ac1c080f.jpg,4000,3000,human,2027,213,2099,270
train_BRK_1007_JPG.rf.dd5f41c9edcd6b2911744d375164a47d.jpg,4000,3000,human,985,2775,1039,2829
train_BRK_1007_JPG.rf.dd5f41c9edcd6b2911744d375164a47d.jpg,4000,3000,human,2038,1998,2073,2050
train_VRD_3082_JPG.rf.dcddf12eccdaff9ef0d6de34dd054751.jpg,4000,3000,human,2162,359,2191,417
train_MED_3060_JPG.rf.dd8cbe3a34c99acb77bc6d997f403944.jpg,4000,3000,human,782,1673,849,1706
train_ZRI_3026_JPG.rf.dd83e4332a634873f64718422fda8f6b.jpg,4000,3000,human,1703,148,1768,216
train_ZRI_3026_JPG.rf.dd83e4332a634873f64718422fda8f6b.jpg,4000,3000,human,1829,8,1868,94
train_ZRI_3026_JPG.rf.dd83e4332a634873f64718422fda8f6b.jpg,4000,3000,human,2348,122,2401,187
train_ZRI_3026_JPG.rf.dd83e4332a634873f64718422fda8f6b.jpg,4000,3000,human,2509,38,2581,97
train_ZRI_3026_JPG.rf.dd83e4332a634873f64718422fda8f6b.jpg,4000,3000,human,2502,135,2578,206
train_ZRI_3026_JPG.rf.dd83e4332a634873f64718422fda8f6b.jpg,4000,3000,human,2981,720,3055,778
train_ZRI_3026_JPG.rf.dd83e4332a634873f64718422fda8f6b.jpg,4000,3000,human,3333,591,3419,657
train_ZRI_3026_JPG.rf.dd83e4332a634873f64718422fda8f6b.jpg,4000,3000,human,3307,937,3382,1038
train_ZRI_3026_JPG.rf.dd83e4332a634873f64718422fda8f6b.jpg,4000,3000,human,2670,1015,2734,1080
train_ZRI_3026_JPG.rf.dd83e4332a634873f64718422fda8f6b.jpg,4000,3000,human,3638,310,3752,387
train_ZRI_3026_JPG.rf.dd83e4332a634873f64718422fda8f6b.jpg,4000,3000,human,3815,113,3909,216
train_ZRI_3026_JPG.rf.dd83e4332a634873f64718422fda8f6b.jpg,4000,3000,human,3715,228,3803,294
train_ZRI_3026_JPG.rf.dd83e4332a634873f64718422fda8f6b.jpg,4000,3000,human,3736,266,3817,356
train_ZRI_3026_JPG.rf.dd83e4332a634873f64718422fda8f6b.jpg,4000,3000,human,3829,1129,3943,1213
train_ZRI_3026_JPG.rf.dd83e4332a634873f64718422fda8f6b.jpg,4000,3000,human,3609,1361,3671,1419
train_ZRI_3026_JPG.rf.dd83e4332a634873f64718422fda8f6b.jpg,4000,3000,human,3703,2574,3773,2608
train_ZRI_3026_JPG.rf.dd83e4332a634873f64718422fda8f6b.jpg,4000,3000,human,3642,2516,3744,2574
train_ZRI_3026_JPG.rf.dd83e4332a634873f64718422fda8f6b.jpg,4000,3000,human,966,1126,1041,1206
train_ZRI_3026_JPG.rf.dd83e4332a634873f64718422fda8f6b.jpg,4000,3000,human,897,1062,993,1118
train_MED_3030_JPG.rf.dcd019d91a9628182da2114a9ee6a8b4.jpg,4000,3000,human,325,1555,461,1637
train_MED_3030_JPG.rf.dcd019d91a9628182da2114a9ee6a8b4.jpg,4000,3000,human,376,1203,490,1286
train_MED_3030_JPG.rf.dcd019d91a9628182da2114a9ee6a8b4.jpg,4000,3000,human,436,993,562,1073
train_MED_3030_JPG.rf.dcd019d91a9628182da2114a9ee6a8b4.jpg,4000,3000,human,522,602,627,688
train_MED_3059_JPG.rf.dddcec59f226570b6119941f0701800a.jpg,4000,3000,human,721,1055,794,1112
train_RAK_0026_JPG.rf.dde2ca741d63c22b6cdc91949eec7401.jpg,4000,3000,human,474,2285,555,2346
train_JAS_0144_JPG.rf.ddd8b95a0055d914ea0b562376230f46.jpg,4000,3000,human,2887,22,2947,127
train_MED_4032_JPG.rf.ddcb76333daeeed8b1c50eb68c07e487.jpg,4000,3000,human,602,2047,706,2123
train_MED_4032_JPG.rf.ddcb76333daeeed8b1c50eb68c07e487.jpg,4000,3000,human,747,186,815,261

train_JAS_0079_JPG.rf.de43a0011df44ce476de4899ec0dde49.jpg,4000,3000,human,947,2058,1004,2117
train_MED_4043_JPG.rf.decdb117d069bb7fe1fbb9a8d30f73da.jpg,4000,3000,human,2193,580,2246,665
train_JAS_0136_JPG.rf.de6a46c2a4d00e5fa2dcbcadf41fea5f.jpg,4000,3000,human,3335,2844,3413,2956




train_VRD_3028_JPG.rf.df83c6012dc1c171d88020d2f12defcc.jpg,4000,3000,human,461,2453,576,2595




train_ZRI_2050_JPG.rf.e1cb2803327c45c3f3c05c956b5f3fb3.jpg,4000,3000,human,384,1920,455,1979
train_ZRI_2050_JPG.rf.e1cb2803327c45c3f3c05c956b5f3fb3.jpg,4000,3000,human,1316,2602,1385,2666
train_ZRI_2050_JPG.rf.e1cb2803327c45c3f3c05c956b5f3fb3.jpg,4000,3000,human,2467,1426,2515,1501
train_ZRI_2050_JPG.rf.e1cb2803327c45c3f3c05c956b5f3fb3.jpg,4000,3000,human,1254,803,1301,907
train_ZRI_2050_JPG.rf.e1cb2803327c45c3f3c05c956b5f3fb3.jpg,4000,3000,human,1308,823,1365,918
train_ZRI_2050_JPG.rf.e1cb2803327c45c3f3c05c956b5f3fb3.jpg,4000,3000,human,19,2404,125,2458
train_BRK_2125_JPG.rf.e1e45cf24c4fd0d1d0c07bcd3bc5fc37.jpg,4000,3000,human,1411,660,1479,732
train_ZRI_3019_JPG.rf.e16744f632b7d5fd32691b419fe26056.jpg,4000,3000,human,1225,1012,1274,1100
train_ZRI_3019_JPG.rf.e16744f632b7d5fd32691b419fe26056.jpg,4000,3000,human,1252,1357,1368,1435
train_ZRI_3019_JPG.rf.e16744f632b7d5fd32691b419fe26056.jpg,4000,3000,human,1682,958,1749,1038
train_ZRI_3019_JPG.rf.e16744f632b7d5fd32691b419fe26056.jpg,4000,3000,human,2054,789,2137,863
train_ZRI_3019_JPG.rf.e16744f632b7d5fd32691b419fe26056.jpg,4000,3000,human,1979,1195,2046,1261
train_ZRI_3019_JPG.rf.e16744f632b7d5fd32691b419fe26056.jpg,4000,3000,human,2142,1841,2192,1893
train_ZRI_3019_JPG.rf.e16744f632b7d5fd32691b419fe26056.jpg,4000,3000,human,2946,1930,3041,2030
train_ZRI_3019_JPG.rf.e16744f632b7d5fd32691b419fe26056.jpg,4000,3000,human,3117,2406,3167,2458
train_ZRI_3019_JPG.rf.e16744f632b7d5fd32691b419fe26056.jpg,4000,3000,human,3333,1834,3412,1899
train_ZRI_3019_JPG.rf.e16744f632b7d5fd32691b419fe26056.jpg,4000,3000,human,3257,1452,3329,1517
train_ZRI_3019_JPG.rf.e16744f632b7d5fd32691b419fe26056.jpg,4000,3000,human,3725,1282,3801,1411
train_ZRI_3019_JPG.rf.e16744f632b7d5fd32691b419fe26056.jpg,4000,3000,human,3757,1839,3823,1897
train_ZRI_3019_JPG.rf.e16744f632b7d5fd32691b419fe26056.jpg,4000,3000,human,2457,2911,2514,2977
train_ZRI_3019_JPG.rf.e16744f632b7d5fd32691b419fe26056.jpg,4000,3000,human,1959,2612,2047,2721
train_ZRI_3019_JPG.rf.e16744f632b7d5fd32691b419fe26056.jpg,4000,3000,human,2154,2267,2217,2332
train_ZRI_3019_JPG.rf.e16744f632b7d5fd32691b419fe26056.jpg,4000,3000,human,1938,407,2001,487
train_ZRI_3019_JPG.rf.e16744f632b7d5fd32691b419fe26056.jpg,4000,3000,human,1325,298,1393,427
train_ZRI_3019_JPG.rf.e16744f632b7d5fd32691b419fe26056.jpg,4000,3000,human,3099,56,3193,131
train_ZRI_3019_JPG.rf.e16744f632b7d5fd32691b419fe26056.jpg,4000,3000,human,3163,230,3264,298
train_ZRI_3019_JPG.rf.e16744f632b7d5fd32691b419fe26056.jpg,4000,3000,human,2850,590,2919,650
train_ZRI_3019_JPG.rf.e16744f632b7d5fd32691b419fe26056.jpg,4000,3000,human,2752,725,2825,772
train_ZRI_3019_JPG.rf.e16744f632b7d5fd32691b419fe26056.jpg,4000,3000,human,2842,780,2908,837

train_VRD_0113_JPG.rf.e0fdad8eb72d31c0e2dce107404d4301.jpg,4000,3000,human,2427,1796,2468,1844

train_MED_4050_JPG.rf.e1eada5c33b878d178d031a3c12536ae.jpg,4000,3000,human,143,2184,249,2235
train_MED_4050_JPG.rf.e1eada5c33b878d178d031a3c12536ae.jpg,4000,3000,human,2474,1240,2547,1313
train_MED_4050_JPG.rf.e1eada5c33b878d178d031a3c12536ae.jpg,4000,3000,human,2546,966,2594,1044
train_RAK_0015_JPG.rf.e013c9b3caced8ddb3bb040d270f807d.jpg,4000,3000,human,815,2587,917,2658

train_GOR_1043_JPG.rf.e205d92cfc0270510e3a4d0a4ac94f79.jpg,4000,3000,human,1245,1418,1339,1468

train_TRS_0001_JPG.rf.e264fc5ef35f3916eccc25fefc36e3e3.jpg,4000,3000,human,1719,1009,1750,1039
train_TRS_0001_JPG.rf.e264fc5ef35f3916eccc25fefc36e3e3.jpg,4000,3000,human,2264,961,2300,998
train_TRS_0001_JPG.rf.e264fc5ef35f3916eccc25fefc36e3e3.jpg,4000,3000,human,1981,1761,2019,1789
train_TRS_0001_JPG.rf.e264fc5ef35f3916eccc25fefc36e3e3.jpg,4000,3000,human,2017,1725,2048,1756


train_VRD_0111_JPG.rf.e24d52682ed81b795bacf5873633e9e0.jpg,4000,3000,human,2393,911,2441,979
train_GOR_3003_JPG.rf.e36080ecfb5a41dd06d3bfa0fc45461e.jpg,4000,3000,human,1898,1470,1932,1519
train_GOR_3003_JPG.rf.e36080ecfb5a41dd06d3bfa0fc45461e.jpg,4000,3000,human,1142,1215,1205,1285


train_JAS_0150_JPG.rf.e2c1d6fb6e2c4773318584c8c2c2c22b.jpg,4000,3000,human,2118,1961,2163,2002
train_JAS_0150_JPG.rf.e2c1d6fb6e2c4773318584c8c2c2c22b.jpg,4000,3000,human,3089,545,3129,603



train_VRD_0094_JPG.rf.e3f46f4fbda74145a3b846ef7b2e4657.jpg,4000,3000,human,134,0,244,33

train_ZRI_2084_JPG.rf.e4a2415d25fd322ac8cdef08f147b2dc.jpg,4000,3000,human,845,2713,933,2817
train_ZRI_2084_JPG.rf.e4a2415d25fd322ac8cdef08f147b2dc.jpg,4000,3000,human,1558,2254,1591,2289
train_ZRI_2084_JPG.rf.e4a2415d25fd322ac8cdef08f147b2dc.jpg,4000,3000,human,1456,2097,1512,2140
train_ZRI_2084_JPG.rf.e4a2415d25fd322ac8cdef08f147b2dc.jpg,4000,3000,human,1360,2128,1409,2183
train_ZRI_2084_JPG.rf.e4a2415d25fd322ac8cdef08f147b2dc.jpg,4000,3000,human,1303,2182,1351,2240
train_ZRI_2084_JPG.rf.e4a2415d25fd322ac8cdef08f147b2dc.jpg,4000,3000,human,1351,2204,1401,2262
train_ZRI_2084_JPG.rf.e4a2415d25fd322ac8cdef08f147b2dc.jpg,4000,3000,human,1199,2019,1272,2080
train_ZRI_2084_JPG.rf.e4a2415d25fd322ac8cdef08f147b2dc.jpg,4000,3000,human,1959,1349,2016,1395
train_ZRI_2084_JPG.rf.e4a2415d25fd322ac8cdef08f147b2dc.jpg,4000,3000,human,1897,1310,1947,1367
train_ZRI_2084_JPG.rf.e4a2415d25fd322ac8cdef08f147b2dc.jpg,4000,3000,human,2084,1174,2146,1231
train_ZRI_2084_JPG.rf.e4a2415d25fd322ac8cdef08f147b2dc.jpg,4000,3000,human,1904,1956,1955,2008
train_RAK_0002_JPG.rf.e4afeee5b0ca5f7441b123a64f588102.jpg,4000,3000,human,2363,2787,2417,2862
train_RAK_0002_JPG.rf.e4afeee5b0ca5f7441b123a64f588102.jpg,4000,3000,human,1795,2374,1842,2441
train_BRS_0034_JPG.rf.e4d576be603445776fc7a56d6c218bc0.jpg,4000,3000,human,2001,1626,2032,1658
train_BRS_0034_JPG.rf.e4d576be603445776fc7a56d6c218bc0.jpg,4000,3000,human,1974,1465,2005,1500
train_BRA_1021_JPG.rf.e566beb77a92680e48ab628f7dd581b4.jpg,4000,3000,human,587,171,620,201
train_MED_3067_JPG.rf.e5b5d0ea4a49c6df1977b7cc6331199c.jpg,4000,3000,human,2229,1039,2282,1184
train_MED_3067_JPG.rf.e5b5d0ea4a49c6df1977b7cc6331199c.jpg,4000,3000,human,1899,2100,1947,2150


train_MED_4055_JPG.rf.e5474ffec608de39021b0de841920c70.jpg,4000,3000,human,855,1018,913,1074
train_MED_4055_JPG.rf.e5474ffec608de39021b0de841920c70.jpg,4000,3000,human,381,972,433,1033
train_MED_4055_JPG.rf.e5474ffec608de39021b0de841920c70.jpg,4000,3000,human,2740,999,2795,1050
train_MED_4055_JPG.rf.e5474ffec608de39021b0de841920c70.jpg,4000,3000,human,93,1579,173,1624
train_MED_4055_JPG.rf.e5474ffec608de39021b0de841920c70.jpg,4000,3000,human,93,1502,198,1566

train_SB_0009_JPG.rf.e5e6bcaa7d4e4885f76366fe5ae8e96e.jpg,4000,3000,human,1384,1365,1431,1451
train_SB_0009_JPG.rf.e5e6bcaa7d4e4885f76366fe5ae8e96e.jpg,4000,3000,human,2686,1169,2753,1231

train_VRD_3096_JPG.rf.e6319a0f52cd0d3710471ce82a8662b9.jpg,4000,3000,human,3106,2357,3170,2397


train_VRD_2048_JPG.rf.e6770352004aff63c2ede16f6b0e6de0.jpg,4000,3000,human,518,1425,598,1552
train_MED_4062_JPG.rf.e68d5eb0f613acea722c8e4a484e7b28.jpg,4000,3000,human,728,524,815,589
train_MED_4062_JPG.rf.e68d5eb0f613acea722c8e4a484e7b28.jpg,4000,3000,human,748,374,806,440
train_MED_4062_JPG.rf.e68d5eb0f613acea722c8e4a484e7b28.jpg,4000,3000,human,876,467,942,512
train_MED_3041_JPG.rf.e6aea5e25cc5a9312ae294464076e0c3.jpg,4000,3000,human,1291,2864,1341,2952
train_MED_3041_JPG.rf.e6aea5e25cc5a9312ae294464076e0c3.jpg,4000,3000,human,1311,2951,1353,2999
train_MED_3041_JPG.rf.e6aea5e25cc5a9312ae294464076e0c3.jpg,4000,3000,human,1420,1529,1465,1560
train_MED_3041_JPG.rf.e6aea5e25cc5a9312ae294464076e0c3.jpg,4000,3000,human,1757,1274,1796,1310
train_MED_3041_JPG.rf.e6aea5e25cc5a9312ae294464076e0c3.jpg,4000,3000,human,1199,1202,1246,1248
train_TRS_0026_JPG.rf.e749b6c05eeaac76ce63ae05954ba2b4.jpg,4000,3000,human,1269,1492,1318,1527
train_TRS_0026_JPG.rf.e749b6c05eeaac76ce63ae05954ba2b4.jpg,4000,3000,human,1446,2606,1491,2652
train_TRS_0026_JPG.rf.e749b6c05eeaac76ce63ae05954ba2b4.jpg,4000,3000,human,2183,2130,2226,2176
train_BRK_2037_JPG.rf.e7484413ff040ac6cf04876062f2cbaf.jpg,4000,3000,human,2057,1979,2105,2030
train_BRK_2037_JPG.rf.e7484413ff040ac6cf04876062f2cbaf.jpg,4000,3000,human,2084,2955,2125,2999
train_TRS_0003_JPG.rf.e7ab7cf5163730b588c8e9a8cad1f7ef.jpg,4000,3000,human,2054,1778,2086,1807
train_TRS_0003_JPG.rf.e7ab7cf5163730b588c8e9a8cad1f7ef.jpg,4000,3000,human,1802,1240,1837,1267
train_TRS_0003_JPG.rf.e7ab7cf5163730b588c8e9a8cad1f7ef.jpg,4000,3000,human,1887,910,1958,948
train_TRS_0003_JPG.rf.e7ab7cf5163730b588c8e9a8cad1f7ef.jpg,4000,3000,human,2792,1551,2827,1579


train_VRD_2030_JPG.rf.e6796bd4de3e2429f577674802e0b848.jpg,4000,3000,human,2117,0,2199,77

train_GOR_3057_JPG.rf.e824c81f844a52bb50d1b87c7b955006.jpg,4000,3000,human,1775,2528,1850,2587
train_GOR_3057_JPG.rf.e824c81f844a52bb50d1b87c7b955006.jpg,4000,3000,human,2372,2546,2417,2613
train_MED_3028_JPG.rf.e7c2b2a5fbb56c41d295b7181ea320ae.jpg,4000,3000,human,696,1182,791,1293
train_MED_3028_JPG.rf.e7c2b2a5fbb56c41d295b7181ea320ae.jpg,4000,3000,human,743,1051,836,1150
train_MED_3028_JPG.rf.e7c2b2a5fbb56c41d295b7181ea320ae.jpg,4000,3000,human,966,753,1050,871
train_MED_3028_JPG.rf.e7c2b2a5fbb56c41d295b7181ea320ae.jpg,4000,3000,human,1125,524,1179,626


train_MED_4056_JPG.rf.e82f454a5854012baf671a5111ca24ac.jpg,4000,3000,human,167,1764,219,1809
train_MED_4056_JPG.rf.e82f454a5854012baf671a5111ca24ac.jpg,4000,3000,human,548,1822,618,1879
train_MED_4056_JPG.rf.e82f454a5854012baf671a5111ca24ac.jpg,4000,3000,human,2397,1812,2448,1858

train_MED_3006_JPG.rf.e91e9eb1bc38fe66c3a459a17b0bdb80.jpg,4000,3000,human,2275,977,2342,1072
train_MED_3006_JPG.rf.e91e9eb1bc38fe66c3a459a17b0bdb80.jpg,4000,3000,human,1759,990,1819,1034
train_BRA_1014_JPG.rf.e92de69cf75d41517c2793d87295a61d.jpg,4000,3000,human,121,965,189,1011
train_TRS_0042_JPG.rf.e9406c4bd924b4e7f235cf2a8c6e477e.jpg,4000,3000,human,1155,347,1194,403
train_TRS_0042_JPG.rf.e9406c4bd924b4e7f235cf2a8c6e477e.jpg,4000,3000,human,2687,2589,2730,2655
train_TRS_0042_JPG.rf.e9406c4bd924b4e7f235cf2a8c6e477e.jpg,4000,3000,human,1009,2289,1052,2332


train_GOR_3033_JPG.rf.e9be991fad10d895c6c661607fb2f4b5.jpg,4000,3000,human,1233,1749,1293,1872
train_GOR_3033_JPG.rf.e9be991fad10d895c6c661607fb2f4b5.jpg,4000,3000,human,2521,2247,2584,2379
train_RAK_0013_JPG.rf.e9e9034c6dc715db1d2565d0530616d7.jpg,4000,3000,human,822,910,927,1000
train_VRD_0011_JPG.rf.eae9ecf7f9a290d70f95a24fa915f1fe.jpg,4000,3000,human,3478,1919,3550,2033
train_VRD_0011_JPG.rf.eae9ecf7f9a290d70f95a24fa915f1fe.jpg,4000,3000,human,2470,138,2540,201

train_ZRI_3002_JPG.rf.eb0665c7256597ae24fd878b08a716f5.jpg,4000,3000,human,78,1408,221,1464
train_ZRI_3002_JPG.rf.eb0665c7256597ae24fd878b08a716f5.jpg,4000,3000,human,66,1312,215,1395
train_ZRI_3002_JPG.rf.eb0665c7256597ae24fd878b08a716f5.jpg,4000,3000,human,1777,1917,1839,1996
train_ZRI_3002_JPG.rf.eb0665c7256597ae24fd878b08a716f5.jpg,4000,3000,human,1304,2243,1407,2334
train_ZRI_3002_JPG.rf.eb0665c7256597ae24fd878b08a716f5.jpg,4000,3000,human,838,2475,929,2543
train_ZRI_3002_JPG.rf.eb0665c7256597ae24fd878b08a716f5.jpg,4000,3000,human,2408,2623,2520,2704
train_ZRI_3002_JPG.rf.eb0665c7256597ae24fd878b08a716f5.jpg,4000,3000,human,2900,2814,2985,2935
train_ZRI_3002_JPG.rf.eb0665c7256597ae24fd878b08a716f5.jpg,4000,3000,human,3154,2388,3250,2455
train_ZRI_3002_JPG.rf.eb0665c7256597ae24fd878b08a716f5.jpg,4000,3000,human,3296,1345,3378,1406
train_ZRI_3002_JPG.rf.eb0665c7256597ae24fd878b08a716f5.jpg,4000,3000,human,3224,1222,3355,1300
train_ZRI_3002_JPG.rf.eb0665c7256597ae24fd878b08a716f5.jpg,4000,3000,human,3462,1153,3537,1247
train_ZRI_3002_JPG.rf.eb0665c7256597ae24fd878b08a716f5.jpg,4000,3000,human,2444,703,2520,763
train_ZRI_3002_JPG.rf.eb0665c7256597ae24fd878b08a716f5.jpg,4000,3000,human,2057,1023,2159,1092
train_ZRI_3002_JPG.rf.eb0665c7256597ae24fd878b08a716f5.jpg,4000,3000,human,1978,560,2041,669
train_ZRI_3002_JPG.rf.eb0665c7256597ae24fd878b08a716f5.jpg,4000,3000,human,1230,608,1345,665
train_ZRI_3002_JPG.rf.eb0665c7256597ae24fd878b08a716f5.jpg,4000,3000,human,1450,219,1534,302
train_ZRI_3002_JPG.rf.eb0665c7256597ae24fd878b08a716f5.jpg,4000,3000,human,2687,215,2771,304
train_ZRI_3002_JPG.rf.eb0665c7256597ae24fd878b08a716f5.jpg,4000,3000,human,3807,2526,3892,2621
train_BRK_2065_JPG.rf.eb4b8a55bcc12fcfe2f4444c2c783aeb.jpg,4000,3000,human,898,584,1018,639
train_BRK_2065_JPG.rf.eb4b8a55bcc12fcfe2f4444c2c783aeb.jpg,4000,3000,human,2338,1498,2412,1571

train_ZRI_2043_JPG.rf.ec54755593f347aea782550ec87e5886.jpg,4000,3000,human,2450,1323,2504,1409
train_ZRI_2043_JPG.rf.ec54755593f347aea782550ec87e5886.jpg,4000,3000,human,2499,1363,2535,1407
train_MED_3044_JPG.rf.eb5a601c0952c021b691ef8cae41b53f.jpg,4000,3000,human,834,1791,966,1859
train_MED_3044_JPG.rf.eb5a601c0952c021b691ef8cae41b53f.jpg,4000,3000,human,1219,1226,1280,1273
train_MED_3044_JPG.rf.eb5a601c0952c021b691ef8cae41b53f.jpg,4000,3000,human,1631,1100,1669,1145
train_BRK_1017_JPG.rf.eb64449f52251fa9bc88e13043b7805e.jpg,4000,3000,human,1010,2799,1061,2843
train_BRK_1017_JPG.rf.eb64449f52251fa9bc88e13043b7805e.jpg,4000,3000,human,2112,1957,2147,2011

train_JAS_0083_JPG.rf.ec4e4ff41d61adceaeb7c7c6ca848e24.jpg,4000,3000,human,912,2257,996,2309
train_VRD_2001_JPG.rf.ebd66a544a3d640bbe102771ff7c3636.jpg,4000,3000,human,2610,336,2680,416

train_BRK_2062_JPG.rf.eccf488c5b31baaf03bd6c8a7d16921b.jpg,4000,3000,human,890,656,1006,710
train_BRK_2062_JPG.rf.eccf488c5b31baaf03bd6c8a7d16921b.jpg,4000,3000,human,2345,1500,2417,1577
train_CAP_0058_JPG.rf.ec6c569ec304edafd49be19d98517392.jpg,4000,3000,human,1843,1162,1891,1292
train_CAP_0058_JPG.rf.ec6c569ec304edafd49be19d98517392.jpg,4000,3000,human,2551,1183,2615,1300

train_BRA_1067_JPG.rf.ec555bd416c73555073d232a1575333d.jpg,4000,3000,human,84,1387,166,1419
train_BRA_1067_JPG.rf.ec555bd416c73555073d232a1575333d.jpg,4000,3000,human,54,1426,143,1455

train_BRS_0065_JPG.rf.ecd2af00f7fa8cf0ffb9a318a48d8a63.jpg,4000,3000,human,2844,105,2891,179
train_BRS_0065_JPG.rf.ecd2af00f7fa8cf0ffb9a318a48d8a63.jpg,4000,3000,human,2095,1866,2133,1904

train_VRD_2037_JPG.rf.eabae130942c2ee70a0afbb58ea2c3a5.jpg,4000,3000,human,2084,2530,2213,2592


train_BRK_2004_JPG.rf.eec6935b0802805c7a3565b6b7c81289.jpg,4000,3000,human,2440,2064,2487,2139
train_BRK_2004_JPG.rf.eec6935b0802805c7a3565b6b7c81289.jpg,4000,3000,human,1929,2096,1973,2143
train_BRK_2117_JPG.rf.eeb769a5bb2fec0694070f8c45b0fda2.jpg,4000,3000,human,2796,1133,2872,1235
train_BRK_2117_JPG.rf.eeb769a5bb2fec0694070f8c45b0fda2.jpg,4000,3000,human,1508,1042,1560,1114
train_ZRI_2047_JPG.rf.ef056b266b8230b764d20e10c120ba64.jpg,4000,3000,human,2301,1083,2357,1143
train_ZRI_2047_JPG.rf.ef056b266b8230b764d20e10c120ba64.jpg,4000,3000,human,2348,1101,2385,1149
train_ZRI_2047_JPG.rf.ef056b266b8230b764d20e10c120ba64.jpg,4000,3000,human,1801,1360,1848,1431
train_ZRI_2047_JPG.rf.ef056b266b8230b764d20e10c120ba64.jpg,4000,3000,human,1892,1369,1929,1448
train_ZRI_2047_JPG.rf.ef056b266b8230b764d20e10c120ba64.jpg,4000,3000,human,1474,1694,1529,1760
train_ZRI_2047_JPG.rf.ef056b266b8230b764d20e10c120ba64.jpg,4000,3000,human,2135,1795,2187,1872
train_ZRI_2047_JPG.rf.ef056b266b8230b764d20e10c120ba64.jpg,4000,3000,human,2339,1894,2401,1945
train_ZRI_2047_JPG.rf.ef056b266b8230b764d20e10c120ba64.jpg,4000,3000,human,2334,1844,2385,1898
train_ZRI_2047_JPG.rf.ef056b266b8230b764d20e10c120ba64.jpg,4000,3000,human,817,682,895,761
train_ZRI_2047_JPG.rf.ef056b266b8230b764d20e10c120ba64.jpg,4000,3000,human,275,660,335,733
train_ZRI_2047_JPG.rf.ef056b266b8230b764d20e10c120ba64.jpg,4000,3000,human,654,468,715,570
train_ZRI_2047_JPG.rf.ef056b266b8230b764d20e10c120ba64.jpg,4000,3000,human,742,445,797,542
train_ZRI_2047_JPG.rf.ef056b266b8230b764d20e10c120ba64.jpg,4000,3000,human,774,314,824,400
train_ZRI_2047_JPG.rf.ef056b266b8230b764d20e10c120ba64.jpg,4000,3000,human,678,146,733,209
train_ZRI_2047_JPG.rf.ef056b266b8230b764d20e10c120ba64.jpg,4000,3000,human,711,202,780,284
train_ZRI_2047_JPG.rf.ef056b266b8230b764d20e10c120ba64.jpg,4000,3000,human,3642,1182,3722,1259
train_ZRI_2047_JPG.rf.ef056b266b8230b764d20e10c120ba64.jpg,4000,3000,human,3176,1469,3238,1532

train_VRD_0134_JPG.rf.efbf0768bf02982b8e3c90c208835615.jpg,4000,3000,human,281,2004,361,2045
train_VRD_0134_JPG.rf.efbf0768bf02982b8e3c90c208835615.jpg,4000,3000,human,1628,1538,1698,1578

train_GOR_3035_JPG.rf.ef43133ddcb133de378864264cb3c54f.jpg,4000,3000,human,1225,1744,1287,1882
train_GOR_3035_JPG.rf.ef43133ddcb133de378864264cb3c54f.jpg,4000,3000,human,2516,2257,2576,2390
train_BRA_1056_JPG.rf.ef80399e9ee3a2e912145392a3672609.jpg,4000,3000,human,416,1075,461,1121

train_MED_3039_JPG.rf.effe44f32050a36a6c6cb13c9fe02172.jpg,4000,3000,human,1245,615,1291,667
train_MED_3039_JPG.rf.effe44f32050a36a6c6cb13c9fe02172.jpg,4000,3000,human,1831,768,1888,811
train_MED_3039_JPG.rf.effe44f32050a36a6c6cb13c9fe02172.jpg,4000,3000,human,1332,1872,1382,1923
train_MED_3039_JPG.rf.effe44f32050a36a6c6cb13c9fe02172.jpg,4000,3000,human,1322,1951,1375,2003
train_GOR_1009_JPG.rf.f02742c51582d15295ca3bea0a248be8.jpg,4000,3000,human,3265,636,3364,756

train_BRK_2040_JPG.rf.f03feed8db197cb973de8c8b431d0eb4.jpg,4000,3000,human,1653,1668,1707,1721
train_ZRI_2006_JPG.rf.f07cacfd1d5fbeec518ac92132791785.jpg,4000,3000,human,1026,2514,1081,2555
train_ZRI_2006_JPG.rf.f07cacfd1d5fbeec518ac92132791785.jpg,4000,3000,human,1082,2426,1128,2481
train_ZRI_2006_JPG.rf.f07cacfd1d5fbeec518ac92132791785.jpg,4000,3000,human,1505,2347,1585,2397
train_ZRI_2006_JPG.rf.f07cacfd1d5fbeec518ac92132791785.jpg,4000,3000,human,2125,800,2187,844
train_ZRI_2006_JPG.rf.f07cacfd1d5fbeec518ac92132791785.jpg,4000,3000,human,2129,743,2197,803
train_ZRI_2006_JPG.rf.f07cacfd1d5fbeec518ac92132791785.jpg,4000,3000,human,1012,194,1073,269
train_ZRI_2006_JPG.rf.f07cacfd1d5fbeec518ac92132791785.jpg,4000,3000,human,849,180,943,270
train_ZRI_2006_JPG.rf.f07cacfd1d5fbeec518ac92132791785.jpg,4000,3000,human,784,5,840,71
train_ZRI_2006_JPG.rf.f07cacfd1d5fbeec518ac92132791785.jpg,4000,3000,human,749,124,831,214
train_GOR_2067_JPG.rf.f0cda8a1f32d9b00870fa187efd995ca.jpg,4000,3000,human,2097,539,2162,595
train_GOR_2067_JPG.rf.f0cda8a1f32d9b00870fa187efd995ca.jpg,4000,3000,human,2068,428,2118,488
train_GOR_2067_JPG.rf.f0cda8a1f32d9b00870fa187efd995ca.jpg,4000,3000,human,1959,216,2007,275
train_GOR_2067_JPG.rf.f0cda8a1f32d9b00870fa187efd995ca.jpg,4000,3000,human,2079,7,2133,102
train_GOR_2067_JPG.rf.f0cda8a1f32d9b00870fa187efd995ca.jpg,4000,3000,human,2391,198,2462,297
train_GOR_2067_JPG.rf.f0cda8a1f32d9b00870fa187efd995ca.jpg,4000,3000,human,2377,156,2425,202
train_GOR_2067_JPG.rf.f0cda8a1f32d9b00870fa187efd995ca.jpg,4000,3000,human,2689,963,2771,1061

train_BRK_2100_JPG.rf.f0eaf65925e45d15d7d9e55b8d8beb60.jpg,4000,3000,human,2537,1039,2607,1099
train_BRK_2100_JPG.rf.f0eaf65925e45d15d7d9e55b8d8beb60.jpg,4000,3000,human,2079,2474,2171,2654

train_VRD_0002_JPG.rf.f2183b8d75c1991b1cb6b9492723596d.jpg,4000,3000,human,2576,1279,2638,1339
train_GOR_2002_JPG.rf.f1bc9c0ddd1238d2d3af020d69281049.jpg,4000,3000,human,1335,1811,1419,1868
train_GOR_2002_JPG.rf.f1bc9c0ddd1238d2d3af020d69281049.jpg,4000,3000,human,1601,1172,1653,1218

train_VRD_3008_JPG.rf.f19998eb0e3f5c28f454564a8584b3cb.jpg,4000,3000,human,2750,706,2802,767


train_BRK_2041_JPG.rf.f27767a95253c347a9e773e8c20ac83f.jpg,4000,3000,human,1638,1671,1700,1749

train_ZRI_3008_JPG.rf.f28b88ca4d98a92ca7ca11bc32c66a8c.jpg,4000,3000,human,2712,2901,2787,2965
train_ZRI_3008_JPG.rf.f28b88ca4d98a92ca7ca11bc32c66a8c.jpg,4000,3000,human,2923,2635,3012,2707
train_ZRI_3008_JPG.rf.f28b88ca4d98a92ca7ca11bc32c66a8c.jpg,4000,3000,human,2368,2523,2424,2612
train_ZRI_3008_JPG.rf.f28b88ca4d98a92ca7ca11bc32c66a8c.jpg,4000,3000,human,1723,2684,1792,2751
train_ZRI_3008_JPG.rf.f28b88ca4d98a92ca7ca11bc32c66a8c.jpg,4000,3000,human,2011,2333,2094,2400
train_ZRI_3008_JPG.rf.f28b88ca4d98a92ca7ca11bc32c66a8c.jpg,4000,3000,human,2360,2150,2446,2211
train_ZRI_3008_JPG.rf.f28b88ca4d98a92ca7ca11bc32c66a8c.jpg,4000,3000,human,663,1892,742,1954
train_ZRI_3008_JPG.rf.f28b88ca4d98a92ca7ca11bc32c66a8c.jpg,4000,3000,human,768,1739,824,1792
train_ZRI_3008_JPG.rf.f28b88ca4d98a92ca7ca11bc32c66a8c.jpg,4000,3000,human,6,2903,104,2971
train_ZRI_3008_JPG.rf.f28b88ca4d98a92ca7ca11bc32c66a8c.jpg,4000,3000,human,2753,1529,2834,1580
train_ZRI_3008_JPG.rf.f28b88ca4d98a92ca7ca11bc32c66a8c.jpg,4000,3000,human,2124,1554,2171,1596
train_ZRI_3008_JPG.rf.f28b88ca4d98a92ca7ca11bc32c66a8c.jpg,4000,3000,human,2187,1490,2227,1536
train_ZRI_3008_JPG.rf.f28b88ca4d98a92ca7ca11bc32c66a8c.jpg,4000,3000,human,1460,1770,1534,1846
train_ZRI_3008_JPG.rf.f28b88ca4d98a92ca7ca11bc32c66a8c.jpg,4000,3000,human,1462,1687,1535,1731
train_ZRI_3008_JPG.rf.f28b88ca4d98a92ca7ca11bc32c66a8c.jpg,4000,3000,human,1303,1782,1350,1859
train_ZRI_3008_JPG.rf.f28b88ca4d98a92ca7ca11bc32c66a8c.jpg,4000,3000,human,1766,915,1841,961
train_ZRI_3008_JPG.rf.f28b88ca4d98a92ca7ca11bc32c66a8c.jpg,4000,3000,human,2064,612,2106,698
train_ZRI_3008_JPG.rf.f28b88ca4d98a92ca7ca11bc32c66a8c.jpg,4000,3000,human,2357,861,2427,920
train_ZRI_3008_JPG.rf.f28b88ca4d98a92ca7ca11bc32c66a8c.jpg,4000,3000,human,2644,484,2705,541
train_ZRI_3008_JPG.rf.f28b88ca4d98a92ca7ca11bc32c66a8c.jpg,4000,3000,human,3141,1344,3222,1406
train_ZRI_3008_JPG.rf.f28b88ca4d98a92ca7ca11bc32c66a8c.jpg,4000,3000,human,3529,1261,3607,1311


train_BRA_1019_JPG.rf.f320bb2afdcf74a33a12dd3bf580a02b.jpg,4000,3000,human,814,1011,858,1046
train_BRK_2069_JPG.rf.f35f5d8cb7b29240eb6486a35a8285a5.jpg,4000,3000,human,2047,1068,2143,1148
train_BRK_2069_JPG.rf.f35f5d8cb7b29240eb6486a35a8285a5.jpg,4000,3000,human,731,2149,797,2211

train_CAP_0047_JPG.rf.f39929ee36fc2f134cf7f1cd0f05c545.jpg,4000,3000,human,1847,317,1901,387


train_RAK_0063_JPG.rf.f398716a1c5410f25793ed676fa4fc8a.jpg,4000,3000,human,951,1847,1017,1906
train_TRS_0016_JPG.rf.f3eb063ac1dcae9473df86db2a8c4043.jpg,4000,3000,human,1254,1469,1305,1523
train_TRS_0016_JPG.rf.f3eb063ac1dcae9473df86db2a8c4043.jpg,4000,3000,human,1424,2596,1471,2647
train_BRA_1070_JPG.rf.f3c6fc31f9c438f98292588bed22de51.jpg,4000,3000,human,1615,1992,1650,2029
train_BRA_1070_JPG.rf.f3c6fc31f9c438f98292588bed22de51.jpg,4000,3000,human,1583,2032,1619,2064
train_BRA_1070_JPG.rf.f3c6fc31f9c438f98292588bed22de51.jpg,4000,3000,human,1376,1955,1410,1992
train_BRA_1070_JPG.rf.f3c6fc31f9c438f98292588bed22de51.jpg,4000,3000,human,1412,1951,1446,1989
train_BRA_1070_JPG.rf.f3c6fc31f9c438f98292588bed22de51.jpg,4000,3000,human,1434,1981,1468,2010
train_BRA_1070_JPG.rf.f3c6fc31f9c438f98292588bed22de51.jpg,4000,3000,human,1479,1986,1513,2014
train_BRA_1070_JPG.rf.f3c6fc31f9c438f98292588bed22de51.jpg,4000,3000,human,1440,2072,1486,2103
train_BRA_1070_JPG.rf.f3c6fc31f9c438f98292588bed22de51.jpg,4000,3000,human,1382,2002,1420,2030
train_TRS_0023_JPG.rf.f46b236cda97b71ab516b5b4f5f92a3e.jpg,4000,3000,human,1452,2623,1494,2671
train_TRS_0023_JPG.rf.f46b236cda97b71ab516b5b4f5f92a3e.jpg,4000,3000,human,1270,1512,1318,1549
train_TRS_0023_JPG.rf.f46b236cda97b71ab516b5b4f5f92a3e.jpg,4000,3000,human,2180,2183,2217,2223

train_SB_0031_JPG.rf.f42dc3ea7b6ede50cf2cd9e21ec13003.jpg,4000,3000,human,1779,2545,1833,2582
train_SB_0031_JPG.rf.f42dc3ea7b6ede50cf2cd9e21ec13003.jpg,4000,3000,human,2347,2331,2383,2371


train_VRD_3003_JPG.rf.f49fbf3bf3bbe45b8b7dc208523a8f7f.jpg,4000,3000,human,1263,2163,1319,2214
train_VRD_3003_JPG.rf.f49fbf3bf3bbe45b8b7dc208523a8f7f.jpg,4000,3000,human,2479,1199,2526,1243
train_TRS_0031_JPG.rf.f3f2380fe97567f6c0e2ee986d349701.jpg,4000,3000,human,975,2474,1028,2535
train_TRS_0031_JPG.rf.f3f2380fe97567f6c0e2ee986d349701.jpg,4000,3000,human,1331,774,1373,811
train_BRS_0025_JPG.rf.f5a2cbc9db9d3c185a8b326ac7155408.jpg,4000,3000,human,130,1846,219,1881
train_BRS_0025_JPG.rf.f5a2cbc9db9d3c185a8b326ac7155408.jpg,4000,3000,human,200,1652,275,1684
train_BRS_0025_JPG.rf.f5a2cbc9db9d3c185a8b326ac7155408.jpg,4000,3000,human,2361,2441,2406,2496

train_VRD_3024_JPG.rf.f5890255fac4e7f467ac8566aaed137a.jpg,4000,3000,human,0,680,54,737

train_MED_4011_JPG.rf.f514a65cedfc9dbfbb4fe55797605ef2.jpg,4000,3000,human,1690,208,1734,297
train_RAK_0012_JPG.rf.f5681c34fa5e8f03355344c0fb278913.jpg,4000,3000,human,827,486,929,576

train_SB_0038_JPG.rf.f61bcbdab0c13c0a3bcd03e1c0f949ed.jpg,4000,3000,human,1747,1661,1799,1695
train_SB_0038_JPG.rf.f61bcbdab0c13c0a3bcd03e1c0f949ed.jpg,4000,3000,human,2299,1448,2333,1477
train_SB_0038_JPG.rf.f61bcbdab0c13c0a3bcd03e1c0f949ed.jpg,4000,3000,human,1963,2263,1992,2304
train_BRK_2047_JPG.rf.f619e5939783171126521bc52cd5facb.jpg,4000,3000,human,1635,1266,1717,1345
train_BRK_2047_JPG.rf.f619e5939783171126521bc52cd5facb.jpg,4000,3000,human,517,2149,605,2208

train_MED_4026_JPG.rf.f6612ece8ca8d2e27f3d64c02e15a589.jpg,4000,3000,human,3687,55,3759,130
train_VRD_3121_JPG.rf.f67133aaa7b3a72c5b82567e3ce126ab.jpg,4000,3000,human,749,2636,868,2707
train_VRD_0004_JPG.rf.f7a00a8406bd37a92b16b0be4adbde3d.jpg,4000,3000,human,2589,1282,2660,1334
train_VRD_3130_JPG.rf.f6b16dc1cc530f86fd8c368b459a0645.jpg,4000,3000,human,3697,1665,3797,1733
train_MED_3070_JPG.rf.f6e159307aff3d1a75efbb6fc049bf12.jpg,4000,3000,human,2222,1738,2277,1875
train_VRD_0133_JPG.rf.f779dbaccacac39f78981fcfef8f240c.jpg,4000,3000,human,276,1332,359,1373
train_VRD_0133_JPG.rf.f779dbaccacac39f78981fcfef8f240c.jpg,4000,3000,human,1624,935,1691,979
train_JAS_0085_JPG.rf.f75ab42d10f5e5ec994cc0783dd954d7.jpg,4000,3000,human,935,2153,1075,2207
train_BRA_1016_JPG.rf.f67e77092841ff9bf3bb19d8449afa5d.jpg,4000,3000,human,125,1412,193,1455
train_VRD_2031_JPG.rf.f6986a214cbe8c4ebbdb278d2dd42169.jpg,4000,3000,human,2135,478,2226,594




train_GOR_2041_JPG.rf.f7dd5375752913a8f16b88652f472c5b.jpg,4000,3000,human,372,256,481,322
train_ZRI_2061_JPG.rf.f83155fdc4e89117173a0d3b500c97cd.jpg,4000,3000,human,1476,37,1528,133
train_ZRI_2061_JPG.rf.f83155fdc4e89117173a0d3b500c97cd.jpg,4000,3000,human,1596,516,1642,568
train_ZRI_2061_JPG.rf.f83155fdc4e89117173a0d3b500c97cd.jpg,4000,3000,human,2172,1409,2256,1465
train_ZRI_2061_JPG.rf.f83155fdc4e89117173a0d3b500c97cd.jpg,4000,3000,human,2010,1845,2077,1892
train_ZRI_2061_JPG.rf.f83155fdc4e89117173a0d3b500c97cd.jpg,4000,3000,human,1937,1791,1975,1828
train_ZRI_2061_JPG.rf.f83155fdc4e89117173a0d3b500c97cd.jpg,4000,3000,human,668,1578,759,1640
train_ZRI_2061_JPG.rf.f83155fdc4e89117173a0d3b500c97cd.jpg,4000,3000,human,475,1759,557,1847
train_ZRI_2061_JPG.rf.f83155fdc4e89117173a0d3b500c97cd.jpg,4000,3000,human,99,2151,187,2246
train_ZRI_2061_JPG.rf.f83155fdc4e89117173a0d3b500c97cd.jpg,4000,3000,human,304,2333,399,2409
train_ZRI_2061_JPG.rf.f83155fdc4e89117173a0d3b500c97cd.jpg,4000,3000,human,1004,2363,1081,2434
train_ZRI_2061_JPG.rf.f83155fdc4e89117173a0d3b500c97cd.jpg,4000,3000,human,1061,2455,1140,2541
train_ZRI_2061_JPG.rf.f83155fdc4e89117173a0d3b500c97cd.jpg,4000,3000,human,2941,2188,3001,2229
train_ZRI_2061_JPG.rf.f83155fdc4e89117173a0d3b500c97cd.jpg,4000,3000,human,2797,2443,2896,2503
train_ZRI_2061_JPG.rf.f83155fdc4e89117173a0d3b500c97cd.jpg,4000,3000,human,2354,2515,2401,2572
train_ZRI_2061_JPG.rf.f83155fdc4e89117173a0d3b500c97cd.jpg,4000,3000,human,2987,2855,3073,2948
train_ZRI_2061_JPG.rf.f83155fdc4e89117173a0d3b500c97cd.jpg,4000,3000,human,1978,2584,2024,2648
train_ZRI_2061_JPG.rf.f83155fdc4e89117173a0d3b500c97cd.jpg,4000,3000,human,1906,2640,1969,2731
train_ZRI_2061_JPG.rf.f83155fdc4e89117173a0d3b500c97cd.jpg,4000,3000,human,1474,2628,1520,2695
train_ZRI_2061_JPG.rf.f83155fdc4e89117173a0d3b500c97cd.jpg,4000,3000,human,2043,2874,2076,2917
train_ZRI_2061_JPG.rf.f83155fdc4e89117173a0d3b500c97cd.jpg,4000,3000,human,1876,2313,1916,2364
train_MED_3072_JPG.rf.f84905a43374cc2a899db1499a6bb5d8.jpg,4000,3000,human,2251,2534,2303,2661
train_JAS_0153_JPG.rf.f83ec72f75600bde75d51e521ab9b0f5.jpg,4000,3000,human,2766,2154,2805,2196

train_ZRI_2032_JPG.rf.27e28b1972b806eb07f636d07eeb48ad.jpg,4000,3000,human,1068,544,1135,619
train_ZRI_2032_JPG.rf.27e28b1972b806eb07f636d07eeb48ad.jpg,4000,3000,human,1067,519,1171,557
train_ZRI_2032_JPG.rf.27e28b1972b806eb07f636d07eeb48ad.jpg,4000,3000,human,1973,1050,2024,1131
train_ZRI_2032_JPG.rf.27e28b1972b806eb07f636d07eeb48ad.jpg,4000,3000,human,1928,1000,1978,1057
train_ZRI_2032_JPG.rf.27e28b1972b806eb07f636d07eeb48ad.jpg,4000,3000,human,1869,869,1925,924
train_ZRI_2032_JPG.rf.27e28b1972b806eb07f636d07eeb48ad.jpg,4000,3000,human,3725,2080,3776,2111
train_ZRI_2032_JPG.rf.27e28b1972b806eb07f636d07eeb48ad.jpg,4000,3000,human,3552,2050,3611,2084
train_ZRI_2032_JPG.rf.27e28b1972b806eb07f636d07eeb48ad.jpg,4000,3000,human,3618,2013,3712,2076
train_ZRI_2032_JPG.rf.27e28b1972b806eb07f636d07eeb48ad.jpg,4000,3000,human,1169,2785,1259,2871
train_ZRI_2032_JPG.rf.27e28b1972b806eb07f636d07eeb48ad.jpg,4000,3000,human,1206,2058,1301,2181

train_BRK_1018_JPG.rf.2a777b9fa71e421c1c3f1707b18cb2df.jpg,4000,3000,human,1791,2211,1836,2293


train_ZRI_2055_JPG.rf.28e6fade3776ee9f143be3a66962a5ad.jpg,4000,3000,human,2272,1296,2325,1355
train_ZRI_2055_JPG.rf.28e6fade3776ee9f143be3a66962a5ad.jpg,4000,3000,human,3301,541,3383,658
train_ZRI_2055_JPG.rf.28e6fade3776ee9f143be3a66962a5ad.jpg,4000,3000,human,3133,578,3200,630
train_BRS_0041_JPG.rf.2a08247029baeb5d62c0d4466fd7e5d1.jpg,4000,3000,human,2179,2604,2211,2666
train_BRA_1025_JPG.rf.292a43b80ae31c72af8022c9e2bb1397.jpg,4000,3000,human,821,754,882,805

train_RAK_0076_JPG.rf.28ec0f0ed60cacb379c50ec7f2559ef2.jpg,4000,3000,human,2113,2230,2168,2295

train_GOR_3070_JPG.rf.2a62ab41bbed12f2faaadadbeaf6f497.jpg,4000,3000,human,2637,1646,2692,1705
train_GOR_3070_JPG.rf.2a62ab41bbed12f2faaadadbeaf6f497.jpg,4000,3000,human,2985,2400,3063,2440




train_BRK_2014_JPG.rf.2931531d0b7ff4d5adfb753ee6729482.jpg,4000,3000,human,1340,1986,1392,2054
train_BRK_2014_JPG.rf.2931531d0b7ff4d5adfb753ee6729482.jpg,4000,3000,human,1850,1573,1896,1653
train_MED_3027_JPG.rf.29320a015ea00e63511f2ad8e0926a8d.jpg,4000,3000,human,1659,605,1732,697


train_JAS_0075_JPG.rf.2af6411b9e2ccef4ad3b19c3cb088289.jpg,4000,3000,human,906,1013,983,1076

train_CAP_0002_JPG.rf.2b44ad2467257a876303cb2cc374d075.jpg,4000,3000,human,1738,1284,1830,1451
train_CAP_0002_JPG.rf.2b44ad2467257a876303cb2cc374d075.jpg,4000,3000,human,1939,913,2013,983

train_VRD_2008_JPG.rf.29d659dc15a194f653852042f0094afd.jpg,4000,3000,human,2720,534,2812,627
train_ZRI_2019_JPG.rf.2b4dac7d6d901b5ef9299684ff921276.jpg,4000,3000,human,1293,1223,1380,1283
train_ZRI_2019_JPG.rf.2b4dac7d6d901b5ef9299684ff921276.jpg,4000,3000,human,1430,1056,1467,1097
train_ZRI_2019_JPG.rf.2b4dac7d6d901b5ef9299684ff921276.jpg,4000,3000,human,1530,1254,1563,1288
train_ZRI_2019_JPG.rf.2b4dac7d6d901b5ef9299684ff921276.jpg,4000,3000,human,3823,145,3941,235
train_ZRI_2019_JPG.rf.2b4dac7d6d901b5ef9299684ff921276.jpg,4000,3000,human,321,1649,410,1701
train_ZRI_2019_JPG.rf.2b4dac7d6d901b5ef9299684ff921276.jpg,4000,3000,human,532,1594,601,1681
train_ZRI_2019_JPG.rf.2b4dac7d6d901b5ef9299684ff921276.jpg,4000,3000,human,446,1613,506,1670
train_GOR_2008_JPG.rf.2b44ce75a16ee9cce0f55438b92a587e.jpg,4000,3000,human,1487,1374,1523,1408
train_GOR_2008_JPG.rf.2b44ce75a16ee9cce0f55438b92a587e.jpg,4000,3000,human,1541,1401,1581,1453
train_BRA_1061_JPG.rf.2bd53661e8d14044e392242c14e1e953.jpg,4000,3000,human,17,1459,95,1495
train_VRD_0149_JPG.rf.2b8391803b87912288a70bea6e3b3420.jpg,4000,3000,human,2643,2903,2689,2962
train_JAS_0174_JPG.rf.2bf9843914c97137bbdd7109dfe0c304.jpg,4000,3000,human,1829,2762,1871,2832
train_JAS_0174_JPG.rf.2bf9843914c97137bbdd7109dfe0c304.jpg,4000,3000,human,2565,612,2620,672
train_MED_4014_JPG.rf.2c0f1ca5e04c9ef102d9ed6d6ff14ef4.jpg,4000,3000,human,445,1040,512,1158
train_MED_4014_JPG.rf.2c0f1ca5e04c9ef102d9ed6d6ff14ef4.jpg,4000,3000,human,1829,2033,1891,2117
train_TRS_0019_JPG.rf.2d253b32e589a2929c2090f0d972bf9a.jpg,4000,3000,human,1119,1625,1180,1661
train_TRS_0019_JPG.rf.2d253b32e589a2929c2090f0d972bf9a.jpg,4000,3000,human,1260,1529,1312,1560
train_TRS_0019_JPG.rf.2d253b32e589a2929c2090f0d972bf9a.jpg,4000,3000,human,1440,2642,1479,2687

train_VRD_3102_JPG.rf.2c0ef46a9f398d34357759120821938a.jpg,4000,3000,human,805,2121,859,2171
train_VRD_3102_JPG.rf.2c0ef46a9f398d34357759120821938a.jpg,4000,3000,human,2279,22,2323,133

train_VRD_3109_JPG.rf.2c7ed3f3df8316eccb49bb80f67fa479.jpg,4000,3000,human,2496,2902,2562,2999
train_GOR_3036_JPG.rf.2c4fc5b5a9c94f5d65438818f5523cef.jpg,4000,3000,human,1226,1746,1287,1879
train_GOR_3036_JPG.rf.2c4fc5b5a9c94f5d65438818f5523cef.jpg,4000,3000,human,2483,2203,2569,2254
train_VRD_3088_JPG.rf.2d2d348e0d226daa1a3ab66da02769d7.jpg,4000,3000,human,2974,2112,3033,2169
train_VRD_3002_JPG.rf.2d68e3e41e800de0e53516e28ef57230.jpg,4000,3000,human,2075,2228,2133,2282
train_VRD_3002_JPG.rf.2d68e3e41e800de0e53516e28ef57230.jpg,4000,3000,human,2892,1174,2941,1222
train_MED_4065_JPG.rf.2d8b2dd14be7028c2ee035aa58dd74bc.jpg,4000,3000,human,1867,2617,1908,2686
train_MED_4065_JPG.rf.2d8b2dd14be7028c2ee035aa58dd74bc.jpg,4000,3000,human,1826,2598,1874,2674
train_MED_4065_JPG.rf.2d8b2dd14be7028c2ee035aa58dd74bc.jpg,4000,3000,human,3590,642,3661,696




train_RAK_0034_JPG.rf.2e5629d588c26d946de6aa19cd53fa6a.jpg,4000,3000,human,1606,1994,1656,2117
train_BRK_2098_JPG.rf.2e9ad1f5eb5e7097ea92e76ad4b7a50e.jpg,4000,3000,human,2522,1023,2593,1099
train_BRK_2098_JPG.rf.2e9ad1f5eb5e7097ea92e76ad4b7a50e.jpg,4000,3000,human,2288,2383,2360,2478



train_BRA_1066_JPG.rf.2f072e92b8a198795960952a4f8fbf87.jpg,4000,3000,human,174,1843,248,1881
train_BRA_1066_JPG.rf.2f072e92b8a198795960952a4f8fbf87.jpg,4000,3000,human,121,1873,212,1911
train_BRA_1066_JPG.rf.2f072e92b8a198795960952a4f8fbf87.jpg,4000,3000,human,25,1835,101,1868
train_BRA_1066_JPG.rf.2f072e92b8a198795960952a4f8fbf87.jpg,4000,3000,human,9,1903,109,1945
train_JAS_0161_JPG.rf.2f2aa138f1e50d7c41b526d601a39386.jpg,4000,3000,human,3215,2689,3283,2750
train_JAS_0161_JPG.rf.2f2aa138f1e50d7c41b526d601a39386.jpg,4000,3000,human,1713,2171,1767,2213
train_VRD_0142_JPG.rf.2f4833054f0cc59e35693590ffa3c91b.jpg,4000,3000,human,1544,663,1621,703
train_VRD_0142_JPG.rf.2f4833054f0cc59e35693590ffa3c91b.jpg,4000,3000,human,2805,172,2854,239

train_BRK_2045_JPG.rf.2f96fccdd85692b821e8d78ee1d27f88.jpg,4000,3000,human,1625,1671,1691,1762
train_BRK_2050_JPG.rf.3018097bbeb610059995df8519bcebaa.jpg,4000,3000,human,3515,1493,3618,1537
train_BRK_2050_JPG.rf.3018097bbeb610059995df8519bcebaa.jpg,4000,3000,human,2071,1758,2166,1818
train_SB_0011_JPG.rf.2ff68f7c90b8d9e911edb5ed74606682.jpg,4000,3000,human,1978,1449,2055,1497
train_SB_0011_JPG.rf.2ff68f7c90b8d9e911edb5ed74606682.jpg,4000,3000,human,910,2108,967,2162




train_JAS_0130_JPG.rf.30272e731aa47d3985317f65eba9070c.jpg,4000,3000,human,2672,1803,2732,1843

train_SB_0029_JPG.rf.32da38520e452206c0c21a78a5c99491.jpg,4000,3000,human,2181,1580,2217,1609
train_SB_0029_JPG.rf.32da38520e452206c0c21a78a5c99491.jpg,4000,3000,human,1801,2146,1863,2206
train_SB_0029_JPG.rf.32da38520e452206c0c21a78a5c99491.jpg,4000,3000,human,2325,2756,2360,2815
train_BRK_2049_JPG.rf.32ecf8a3abe6ec528777772cb648c61e.jpg,4000,3000,human,2133,1257,2209,1341
train_BRK_2049_JPG.rf.32ecf8a3abe6ec528777772cb648c61e.jpg,4000,3000,human,1436,1,1506,89

train_VRD_0081_JPG.rf.3234a9e0a5765fa4136d773e6750cb2b.jpg,4000,3000,human,1555,77,1590,164
train_MED_3043_JPG.rf.311fce65102fc0061797eda26f71a3a5.jpg,4000,3000,human,876,1123,1017,1186
train_MED_3043_JPG.rf.311fce65102fc0061797eda26f71a3a5.jpg,4000,3000,human,1249,801,1313,860
train_MED_3043_JPG.rf.311fce65102fc0061797eda26f71a3a5.jpg,4000,3000,human,1649,585,1708,638
train_VRD_0087_JPG.rf.3100f815dea6ec6dd8178d76b049563d.jpg,4000,3000,human,1417,734,1457,825
train_ZRI_2056_JPG.rf.3367c77de77284051cdf3383c5edaf51.jpg,4000,3000,human,2426,2723,2505,2803
train_ZRI_2056_JPG.rf.3367c77de77284051cdf3383c5edaf51.jpg,4000,3000,human,3553,2250,3653,2322
train_ZRI_2056_JPG.rf.3367c77de77284051cdf3383c5edaf51.jpg,4000,3000,human,3412,2122,3468,2164
train_ZRI_2056_JPG.rf.3367c77de77284051cdf3383c5edaf51.jpg,4000,3000,human,532,909,625,970
train_ZRI_2056_JPG.rf.3367c77de77284051cdf3383c5edaf51.jpg,4000,3000,human,1022,316,1095,386
train_ZRI_2056_JPG.rf.3367c77de77284051cdf3383c5edaf51.jpg,4000,3000,human,968,356,1054,438
train_BRA_1032_JPG.rf.3390af99468f50a2b676ed2ddc5a2843.jpg,4000,3000,human,755,1306,824,1342



train_ZRI_3009_JPG.rf.34ec2cac6405b7c346b4a19cc91f635a.jpg,4000,3000,human,2338,2330,2410,2400
train_ZRI_3009_JPG.rf.34ec2cac6405b7c346b4a19cc91f635a.jpg,4000,3000,human,3440,2374,3538,2436
train_ZRI_3009_JPG.rf.34ec2cac6405b7c346b4a19cc91f635a.jpg,4000,3000,human,3599,2749,3671,2809
train_ZRI_3009_JPG.rf.34ec2cac6405b7c346b4a19cc91f635a.jpg,4000,3000,human,2316,1930,2379,2001
train_ZRI_3009_JPG.rf.34ec2cac6405b7c346b4a19cc91f635a.jpg,4000,3000,human,2691,1869,2772,1941
train_ZRI_3009_JPG.rf.34ec2cac6405b7c346b4a19cc91f635a.jpg,4000,3000,human,2622,1397,2685,1454
train_TRS_0012_JPG.rf.3438c1ff9d486e69dbe2400ff630e998.jpg,4000,3000,human,1576,1381,1616,1418
train_TRS_0012_JPG.rf.3438c1ff9d486e69dbe2400ff630e998.jpg,4000,3000,human,1380,2485,1422,2538
train_TRS_0012_JPG.rf.3438c1ff9d486e69dbe2400ff630e998.jpg,4000,3000,human,2335,2590,2389,2644

train_GOR_2066_JPG.rf.34b665121c0477fa1633420f813fa24c.jpg,4000,3000,human,1985,1037,2049,1076
train_GOR_2066_JPG.rf.34b665121c0477fa1633420f813fa24c.jpg,4000,3000,human,2015,1074,2071,1126
train_GOR_2066_JPG.rf.34b665121c0477fa1633420f813fa24c.jpg,4000,3000,human,2357,1043,2431,1118
train_GOR_2066_JPG.rf.34b665121c0477fa1633420f813fa24c.jpg,4000,3000,human,2086,863,2153,937
train_GOR_2066_JPG.rf.34b665121c0477fa1633420f813fa24c.jpg,4000,3000,human,2064,1265,2126,1306
train_GOR_2066_JPG.rf.34b665121c0477fa1633420f813fa24c.jpg,4000,3000,human,2219,1265,2268,1313
train_GOR_2066_JPG.rf.34b665121c0477fa1633420f813fa24c.jpg,4000,3000,human,2712,1776,2788,1855
train_TRS_0033_JPG.rf.3569088bce6d7559b7a900d1c1499fa1.jpg,4000,3000,human,714,1906,776,1957
train_TRS_0033_JPG.rf.3569088bce6d7559b7a900d1c1499fa1.jpg,4000,3000,human,1803,548,1833,602
train_TRS_0033_JPG.rf.3569088bce6d7559b7a900d1c1499fa1.jpg,4000,3000,human,3689,1438,3736,1470
train_TRS_0033_JPG.rf.3569088bce6d7559b7a900d1c1499fa1.jpg,4000,3000,human,3723,1450,3779,1480
train_VRD_2051_JPG.rf.353e97bb66b700cd1300a269e550e327.jpg,4000,3000,human,816,2825,881,2959
train_TRS_0027_JPG.rf.365706aa8b0b064141ecc7b6c58265be.jpg,4000,3000,human,985,2481,1035,2536
train_TRS_0027_JPG.rf.365706aa8b0b064141ecc7b6c58265be.jpg,4000,3000,human,1351,775,1392,811
train_BRA_1063_JPG.rf.36924cc20f19bdd9731edf129b40257c.jpg,4000,3000,human,2965,2457,3012,2509
train_BRA_1063_JPG.rf.36924cc20f19bdd9731edf129b40257c.jpg,4000,3000,human,2859,2443,2899,2501

train_MED_4015_JPG.rf.346608ebec7b92af03fd543562ab2934.jpg,4000,3000,human,378,1504,462,1641
train_MED_4015_JPG.rf.346608ebec7b92af03fd543562ab2934.jpg,4000,3000,human,1921,2665,1982,2737


train_VRD_0063_JPG.rf.342899c7459d2cc477b1d9817f5acb34.jpg,4000,3000,human,418,1544,485,1578
train_VRD_0026_JPG.rf.3670a7723015acc27d717f70f694dc10.jpg,4000,3000,human,2640,346,2692,410

train_VRD_2020_JPG.rf.3752afe8a5e57c94271ad1b4724055de.jpg,4000,3000,human,995,298,1123,383
train_ZRI_2011_JPG.rf.371819f4b0c8ed9c2cf0936776a8f809.jpg,4000,3000,human,965,820,1019,879
train_ZRI_2011_JPG.rf.371819f4b0c8ed9c2cf0936776a8f809.jpg,4000,3000,human,1079,820,1137,861
train_ZRI_2011_JPG.rf.371819f4b0c8ed9c2cf0936776a8f809.jpg,4000,3000,human,1857,144,1914,212
train_ZRI_2011_JPG.rf.371819f4b0c8ed9c2cf0936776a8f809.jpg,4000,3000,human,1907,266,1969,320
train_ZRI_2011_JPG.rf.371819f4b0c8ed9c2cf0936776a8f809.jpg,4000,3000,human,1330,152,1376,204
train_ZRI_2011_JPG.rf.371819f4b0c8ed9c2cf0936776a8f809.jpg,4000,3000,human,1303,432,1360,508
train_ZRI_2011_JPG.rf.371819f4b0c8ed9c2cf0936776a8f809.jpg,4000,3000,human,1166,230,1208,328
train_ZRI_2011_JPG.rf.371819f4b0c8ed9c2cf0936776a8f809.jpg,4000,3000,human,1233,343,1299,408
train_ZRI_2011_JPG.rf.371819f4b0c8ed9c2cf0936776a8f809.jpg,4000,3000,human,857,25,935,113
train_ZRI_2011_JPG.rf.371819f4b0c8ed9c2cf0936776a8f809.jpg,4000,3000,human,2045,1691,2084,1738
train_ZRI_2011_JPG.rf.371819f4b0c8ed9c2cf0936776a8f809.jpg,4000,3000,human,2007,1690,2044,1723
train_ZRI_2011_JPG.rf.371819f4b0c8ed9c2cf0936776a8f809.jpg,4000,3000,human,2032,1624,2087,1677
train_ZRI_2011_JPG.rf.371819f4b0c8ed9c2cf0936776a8f809.jpg,4000,3000,human,426,599,520,659



train_GOR_2042_JPG.rf.376cbb5cc174c6be557f626ba9bbb8f8.jpg,4000,3000,human,375,944,452,1000
train_GOR_2042_JPG.rf.376cbb5cc174c6be557f626ba9bbb8f8.jpg,4000,3000,human,1856,637,1912,697
train_TRS_0036_JPG.rf.37704bf3d6a51d654c1a46f77fbbf966.jpg,4000,3000,human,857,2167,916,2224
train_TRS_0036_JPG.rf.37704bf3d6a51d654c1a46f77fbbf966.jpg,4000,3000,human,1608,627,1650,660
train_BRK_2048_JPG.rf.371af074e2c23798910450df0cfa8833.jpg,4000,3000,human,2142,1213,2220,1301
train_BRK_2048_JPG.rf.371af074e2c23798910450df0cfa8833.jpg,4000,3000,human,1388,24,1441,116
train_MED_3048_JPG.rf.37d5355cf646c917949579ed6f4ff65b.jpg,4000,3000,human,901,2636,966,2708
train_BRS_0055_JPG.rf.38307d035777f29b0d8d4fd6d96f4b3f.jpg,4000,3000,human,2777,101,2819,178
train_BRS_0055_JPG.rf.38307d035777f29b0d8d4fd6d96f4b3f.jpg,4000,3000,human,1573,1812,1618,1848
train_VRD_3087_JPG.rf.37dfa0d85cba70918874d5ad489d6375.jpg,4000,3000,human,2888,1642,2944,1694
train_VRD_3104_JPG.rf.383b12683f6cd06d13048270923303f0.jpg,4000,3000,human,2078,569,2131,689
train_VRD_3104_JPG.rf.383b12683f6cd06d13048270923303f0.jpg,4000,3000,human,469,2941,518,2987
train_ZRI_2062_JPG.rf.38e51e74a547c09c295068e0548ca1ac.jpg,4000,3000,human,3007,1872,3091,1935
train_ZRI_2062_JPG.rf.38e51e74a547c09c295068e0548ca1ac.jpg,4000,3000,human,1516,763,1577,823
train_ZRI_2062_JPG.rf.38e51e74a547c09c295068e0548ca1ac.jpg,4000,3000,human,1621,673,1666,715
train_ZRI_2062_JPG.rf.38e51e74a547c09c295068e0548ca1ac.jpg,4000,3000,human,1747,597,1812,679
train_ZRI_2062_JPG.rf.38e51e74a547c09c295068e0548ca1ac.jpg,4000,3000,human,1194,79,1296,159
train_ZRI_2062_JPG.rf.38e51e74a547c09c295068e0548ca1ac.jpg,4000,3000,human,1001,269,1073,363
train_ZRI_2062_JPG.rf.38e51e74a547c09c295068e0548ca1ac.jpg,4000,3000,human,1242,1965,1294,2014
train_ZRI_2062_JPG.rf.38e51e74a547c09c295068e0548ca1ac.jpg,4000,3000,human,1147,2022,1223,2088
train_ZRI_2062_JPG.rf.38e51e74a547c09c295068e0548ca1ac.jpg,4000,3000,human,1572,2210,1632,2303
train_ZRI_2062_JPG.rf.38e51e74a547c09c295068e0548ca1ac.jpg,4000,3000,human,1261,2059,1322,2134
train_ZRI_2062_JPG.rf.38e51e74a547c09c295068e0548ca1ac.jpg,4000,3000,human,2576,2193,2616,2239
train_ZRI_2062_JPG.rf.38e51e74a547c09c295068e0548ca1ac.jpg,4000,3000,human,580,2736,654,2825
train_ZRI_2062_JPG.rf.38e51e74a547c09c295068e0548ca1ac.jpg,4000,3000,human,498,2621,584,2692
train_ZRI_2062_JPG.rf.38e51e74a547c09c295068e0548ca1ac.jpg,4000,3000,human,407,2756,474,2852
train_ZRI_2062_JPG.rf.38e51e74a547c09c295068e0548ca1ac.jpg,4000,3000,human,395,2881,466,2925
train_ZRI_2062_JPG.rf.38e51e74a547c09c295068e0548ca1ac.jpg,4000,3000,human,475,2881,528,2929
train_ZRI_2062_JPG.rf.38e51e74a547c09c295068e0548ca1ac.jpg,4000,3000,human,522,2867,567,2915
train_ZRI_2062_JPG.rf.38e51e74a547c09c295068e0548ca1ac.jpg,4000,3000,human,123,1485,225,1549
train_ZRI_2062_JPG.rf.38e51e74a547c09c295068e0548ca1ac.jpg,4000,3000,human,24,1471,144,1524
train_ZRI_2062_JPG.rf.38e51e74a547c09c295068e0548ca1ac.jpg,4000,3000,human,183,1851,229,1885
train_ZRI_2062_JPG.rf.38e51e74a547c09c295068e0548ca1ac.jpg,4000,3000,human,354,1838,459,1902
train_ZRI_2062_JPG.rf.38e51e74a547c09c295068e0548ca1ac.jpg,4000,3000,human,386,1797,473,1850
train_ZRI_2062_JPG.rf.38e51e74a547c09c295068e0548ca1ac.jpg,4000,3000,human,562,1609,626,1654
train_ZRI_2062_JPG.rf.38e51e74a547c09c295068e0548ca1ac.jpg,4000,3000,human,290,1583,391,1631
train_ZRI_2062_JPG.rf.38e51e74a547c09c295068e0548ca1ac.jpg,4000,3000,human,340,1148,445,1198
train_ZRI_2062_JPG.rf.38e51e74a547c09c295068e0548ca1ac.jpg,4000,3000,human,213,1189,321,1232
train_GOR_2013_JPG.rf.3916015d96d5792020ad762cc3f1cade.jpg,4000,3000,human,2324,468,2378,526

train_SB_0015_JPG.rf.391285b3e465c5e2ee85e1e6f31e83e7.jpg,4000,3000,human,765,1075,808,1130
train_SB_0015_JPG.rf.391285b3e465c5e2ee85e1e6f31e83e7.jpg,4000,3000,human,1848,1708,1886,1783
train_GOR_1060_JPG.rf.39ade49c549ef96b36688cf993212ac3.jpg,4000,3000,human,180,1652,242,1716
train_VRD_2033_JPG.rf.38f36cddb1ca395bb694cf25cd0daae2.jpg,4000,3000,human,2113,1505,2201,1619
train_VRD_2033_JPG.rf.38f36cddb1ca395bb694cf25cd0daae2.jpg,4000,3000,human,2110,598,2241,650
train_GOR_1044_JPG.rf.397f080acc7c7131ed2b451071c8f442.jpg,4000,3000,human,1253,437,1327,519
train_RAK_0003_JPG.rf.3a275dd5edc8c83843899506a0f9b232.jpg,4000,3000,human,1741,2726,1789,2806


train_VRD_0089_JPG.rf.3a19b201a50eb3294432ed42a7686cf7.jpg,4000,3000,human,1287,831,1370,882




train_BRK_2054_JPG.rf.3b28ef9c9f1332f8abfadeee2a286b82.jpg,4000,3000,human,1707,1784,1810,1843
train_BRK_2054_JPG.rf.3b28ef9c9f1332f8abfadeee2a286b82.jpg,4000,3000,human,3397,1585,3500,1662

train_ZRI_3032_JPG.rf.3bdeb8590b5faf4414e3c5bf7abdb52e.jpg,4000,3000,human,1218,1710,1276,1782
train_ZRI_3032_JPG.rf.3bdeb8590b5faf4414e3c5bf7abdb52e.jpg,4000,3000,human,1380,1612,1430,1690
train_ZRI_3032_JPG.rf.3bdeb8590b5faf4414e3c5bf7abdb52e.jpg,4000,3000,human,2084,1257,2142,1309
train_ZRI_3032_JPG.rf.3bdeb8590b5faf4414e3c5bf7abdb52e.jpg,4000,3000,human,2156,1222,2215,1296
train_ZRI_3032_JPG.rf.3bdeb8590b5faf4414e3c5bf7abdb52e.jpg,4000,3000,human,2190,1156,2238,1211
train_ZRI_3032_JPG.rf.3bdeb8590b5faf4414e3c5bf7abdb52e.jpg,4000,3000,human,1852,1057,1896,1129
train_ZRI_3032_JPG.rf.3bdeb8590b5faf4414e3c5bf7abdb52e.jpg,4000,3000,human,2653,1301,2710,1358
train_ZRI_3032_JPG.rf.3bdeb8590b5faf4414e3c5bf7abdb52e.jpg,4000,3000,human,3028,1148,3096,1225
train_ZRI_3032_JPG.rf.3bdeb8590b5faf4414e3c5bf7abdb52e.jpg,4000,3000,human,3194,1527,3304,1586
train_ZRI_3032_JPG.rf.3bdeb8590b5faf4414e3c5bf7abdb52e.jpg,4000,3000,human,3620,1261,3722,1363
train_ZRI_3032_JPG.rf.3bdeb8590b5faf4414e3c5bf7abdb52e.jpg,4000,3000,human,3155,2348,3252,2414
train_ZRI_3032_JPG.rf.3bdeb8590b5faf4414e3c5bf7abdb52e.jpg,4000,3000,human,2456,1831,2518,1882
train_ZRI_3032_JPG.rf.3bdeb8590b5faf4414e3c5bf7abdb52e.jpg,4000,3000,human,2481,1776,2545,1827
train_ZRI_3032_JPG.rf.3bdeb8590b5faf4414e3c5bf7abdb52e.jpg,4000,3000,human,2000,1957,2069,2040
train_ZRI_3032_JPG.rf.3bdeb8590b5faf4414e3c5bf7abdb52e.jpg,4000,3000,human,2042,1878,2116,1929
train_ZRI_3032_JPG.rf.3bdeb8590b5faf4414e3c5bf7abdb52e.jpg,4000,3000,human,1846,2899,1920,2962
train_ZRI_3032_JPG.rf.3bdeb8590b5faf4414e3c5bf7abdb52e.jpg,4000,3000,human,2251,2697,2325,2775
train_ZRI_3032_JPG.rf.3bdeb8590b5faf4414e3c5bf7abdb52e.jpg,4000,3000,human,2662,2686,2733,2759
train_ZRI_3032_JPG.rf.3bdeb8590b5faf4414e3c5bf7abdb52e.jpg,4000,3000,human,2943,733,2999,785
train_ZRI_3032_JPG.rf.3bdeb8590b5faf4414e3c5bf7abdb52e.jpg,4000,3000,human,205,2423,286,2502
train_ZRI_3032_JPG.rf.3bdeb8590b5faf4414e3c5bf7abdb52e.jpg,4000,3000,human,144,2354,261,2401
train_ZRI_3032_JPG.rf.3bdeb8590b5faf4414e3c5bf7abdb52e.jpg,4000,3000,human,3696,2281,3773,2357
train_RAK_0011_JPG.rf.3b2929ca78f019dcb3906653c1cc6d33.jpg,4000,3000,human,461,214,574,304


train_GOR_3055_JPG.rf.3beecfd4c1a60a501f4b39f9d7fad34a.jpg,4000,3000,human,2542,2450,2590,2497
train_GOR_3055_JPG.rf.3beecfd4c1a60a501f4b39f9d7fad34a.jpg,4000,3000,human,2181,2609,2253,2668
train_MED_4060_JPG.rf.3bef0da141533420ab70a0fcaa06f05c.jpg,4000,3000,human,745,2117,823,2167
train_MED_4060_JPG.rf.3bef0da141533420ab70a0fcaa06f05c.jpg,4000,3000,human,1238,2167,1292,2217
train_MED_4060_JPG.rf.3bef0da141533420ab70a0fcaa06f05c.jpg,4000,3000,human,1383,2245,1426,2296
train_MED_4060_JPG.rf.3bef0da141533420ab70a0fcaa06f05c.jpg,4000,3000,human,1326,2483,1379,2529
train_BRS_0049_JPG.rf.3bf146df650e397a6dcbcb6772d5798e.jpg,4000,3000,human,2810,152,2854,225
train_BRS_0049_JPG.rf.3bf146df650e397a6dcbcb6772d5798e.jpg,4000,3000,human,1908,2052,1941,2079
train_BRK_2043_JPG.rf.3c3e4ba02eddafc90d26a636b18b3cc1.jpg,4000,3000,human,1632,1680,1692,1758
train_MED_4052_JPG.rf.3c98f3ec400c2ba9126fbfd9ebd20bb6.jpg,4000,3000,human,2433,2896,2493,2951
train_MED_4052_JPG.rf.3c98f3ec400c2ba9126fbfd9ebd20bb6.jpg,4000,3000,human,749,714,818,797
train_MED_4052_JPG.rf.3c98f3ec400c2ba9126fbfd9ebd20bb6.jpg,4000,3000,human,746,657,807,727
train_MED_4052_JPG.rf.3c98f3ec400c2ba9126fbfd9ebd20bb6.jpg,4000,3000,human,523,798,586,865
train_MED_4052_JPG.rf.3c98f3ec400c2ba9126fbfd9ebd20bb6.jpg,4000,3000,human,1509,276,1553,339
train_MED_4052_JPG.rf.3c98f3ec400c2ba9126fbfd9ebd20bb6.jpg,4000,3000,human,1008,191,1046,256

train_GOR_3038_JPG.rf.3cbdf5324c3d9dca8aa29a7042bf455f.jpg,4000,3000,human,1305,1790,1360,1906
train_GOR_3038_JPG.rf.3cbdf5324c3d9dca8aa29a7042bf455f.jpg,4000,3000,human,2250,2056,2300,2102
train_BRS_0053_JPG.rf.3d5752000014f99fd5bd2bf901f301f3.jpg,4000,3000,human,2782,122,2820,187
train_BRS_0053_JPG.rf.3d5752000014f99fd5bd2bf901f301f3.jpg,4000,3000,human,1763,1839,1799,1886
train_BRA_1069_JPG.rf.3da0644cf0da6f32e1be981a35880e8a.jpg,4000,3000,human,781,1781,832,1811
train_BRA_1069_JPG.rf.3da0644cf0da6f32e1be981a35880e8a.jpg,4000,3000,human,777,1749,818,1777
train_BRA_1069_JPG.rf.3da0644cf0da6f32e1be981a35880e8a.jpg,4000,3000,human,816,1739,871,1765
train_BRA_1069_JPG.rf.3da0644cf0da6f32e1be981a35880e8a.jpg,4000,3000,human,876,1773,933,1798
train_BRA_1069_JPG.rf.3da0644cf0da6f32e1be981a35880e8a.jpg,4000,3000,human,842,1762,887,1792
train_BRA_1069_JPG.rf.3da0644cf0da6f32e1be981a35880e8a.jpg,4000,3000,human,844,1855,904,1884
train_BRA_1069_JPG.rf.3da0644cf0da6f32e1be981a35880e8a.jpg,4000,3000,human,1019,1776,1063,1807
train_BRA_1069_JPG.rf.3da0644cf0da6f32e1be981a35880e8a.jpg,4000,3000,human,985,1812,1037,1845
train_RAK_0061_JPG.rf.3c99072d72eeac64f1034e15d821eea0.jpg,4000,3000,human,603,283,683,355
train_GOR_3004_JPG.rf.3c98ed8ba2fe69c6a2e680d59f3d0eee.jpg,4000,3000,human,1125,1246,1209,1310
train_GOR_3004_JPG.rf.3c98ed8ba2fe69c6a2e680d59f3d0eee.jpg,4000,3000,human,1894,1474,1934,1525

train_GOR_1052_JPG.rf.3c66d358ea9323c6def0d58913495fcd.jpg,4000,3000,human,1971,615,2035,757

train_ZRI_2008_JPG.rf.3e17bdb1cc8f011125c88ac73df594cb.jpg,4000,3000,human,600,473,697,557
train_ZRI_2008_JPG.rf.3e17bdb1cc8f011125c88ac73df594cb.jpg,4000,3000,human,485,2164,565,2227
train_ZRI_2008_JPG.rf.3e17bdb1cc8f011125c88ac73df594cb.jpg,4000,3000,human,570,1939,656,1987
train_ZRI_2008_JPG.rf.3e17bdb1cc8f011125c88ac73df594cb.jpg,4000,3000,human,546,1766,591,1801
train_ZRI_2008_JPG.rf.3e17bdb1cc8f011125c88ac73df594cb.jpg,4000,3000,human,672,1683,767,1725
train_ZRI_2008_JPG.rf.3e17bdb1cc8f011125c88ac73df594cb.jpg,4000,3000,human,702,1780,776,1822
train_ZRI_2008_JPG.rf.3e17bdb1cc8f011125c88ac73df594cb.jpg,4000,3000,human,810,1724,886,1772
train_ZRI_2008_JPG.rf.3e17bdb1cc8f011125c88ac73df594cb.jpg,4000,3000,human,818,1804,894,1846
train_ZRI_2008_JPG.rf.3e17bdb1cc8f011125c88ac73df594cb.jpg,4000,3000,human,1494,2332,1547,2396
train_VRD_3090_JPG.rf.3e154a3e29038f25b1ec15ded9f355f5.jpg,4000,3000,human,3525,406,3584,463
train_VRD_3090_JPG.rf.3e154a3e29038f25b1ec15ded9f355f5.jpg,4000,3000,human,3157,2934,3209,2999
train_VRD_0057_JPG.rf.3e99d62ae949c37a35cd4980f03b07b0.jpg,4000,3000,human,419,1199,477,1230
train_VRD_0114_JPG.rf.3e3a6de2aab731fa65e747c4a6054119.jpg,4000,3000,human,2425,1828,2483,1879
train_ZRI_2073_JPG.rf.3f2e7c78fe429250d7f5f00f59f1d02b.jpg,4000,3000,human,2017,134,2051,187
train_ZRI_2073_JPG.rf.3f2e7c78fe429250d7f5f00f59f1d02b.jpg,4000,3000,human,2045,149,2081,191

train_BRK_1010_JPG.rf.3f1e1eb997b47bfcd1c94c88e88ecb71.jpg,4000,3000,human,1078,2572,1122,2637
train_BRK_1010_JPG.rf.3f1e1eb997b47bfcd1c94c88e88ecb71.jpg,4000,3000,human,2052,1920,2093,1960
train_BRK_2101_JPG.rf.3ecc5ada4ffcab74e4c28afd3c77726f.jpg,4000,3000,human,2395,729,2488,778
train_BRK_2101_JPG.rf.3ecc5ada4ffcab74e4c28afd3c77726f.jpg,4000,3000,human,2118,2116,2206,2296
train_BRK_2067_JPG.rf.3f5c4a1c56a79ce28f25ac379194ee02.jpg,4000,3000,human,561,1389,631,1469
train_BRK_2067_JPG.rf.3f5c4a1c56a79ce28f25ac379194ee02.jpg,4000,3000,human,2258,1254,2342,1303

train_GOR_2063_JPG.rf.404806c7a2bb66ce76f9d5aaf551f8e1.jpg,4000,3000,human,2334,823,2394,908
train_GOR_2063_JPG.rf.404806c7a2bb66ce76f9d5aaf551f8e1.jpg,4000,3000,human,2163,965,2208,1006
train_GOR_2063_JPG.rf.404806c7a2bb66ce76f9d5aaf551f8e1.jpg,4000,3000,human,2056,1101,2115,1161
train_GOR_2063_JPG.rf.404806c7a2bb66ce76f9d5aaf551f8e1.jpg,4000,3000,human,2263,1161,2342,1241
train_GOR_2063_JPG.rf.404806c7a2bb66ce76f9d5aaf551f8e1.jpg,4000,3000,human,2148,1241,2218,1301
train_GOR_2063_JPG.rf.404806c7a2bb66ce76f9d5aaf551f8e1.jpg,4000,3000,human,2058,1368,2100,1412
train_GOR_2063_JPG.rf.404806c7a2bb66ce76f9d5aaf551f8e1.jpg,4000,3000,human,2448,833,2488,880
train_GOR_2063_JPG.rf.404806c7a2bb66ce76f9d5aaf551f8e1.jpg,4000,3000,human,1990,1317,2055,1371
train_GOR_2063_JPG.rf.404806c7a2bb66ce76f9d5aaf551f8e1.jpg,4000,3000,human,2282,1229,2322,1264
train_GOR_3022_JPG.rf.4077786165722195fd74915329d25e98.jpg,4000,3000,human,1377,665,1424,752
train_GOR_3022_JPG.rf.4077786165722195fd74915329d25e98.jpg,4000,3000,human,2270,866,2324,948
train_RAK_0060_JPG.rf.40552fbae0f97bdcd6f1f73e746b0143.jpg,4000,3000,human,647,314,726,373
train_GOR_3079_JPG.rf.3fae77c7db5b06a0bf2d7269cb493c5d.jpg,4000,3000,human,816,920,873,1000
train_GOR_3079_JPG.rf.3fae77c7db5b06a0bf2d7269cb493c5d.jpg,4000,3000,human,881,923,938,1000



train_BRK_2109_JPG.rf.40ad81d76d77fcc14526175793ccad1d.jpg,4000,3000,human,2382,1059,2469,1128
train_BRK_2109_JPG.rf.40ad81d76d77fcc14526175793ccad1d.jpg,4000,3000,human,2268,2364,2356,2507

train_MED_4051_JPG.rf.4184f5999c942da84519841344fba72e.jpg,4000,3000,human,2417,2115,2500,2199
train_MED_4051_JPG.rf.4184f5999c942da84519841344fba72e.jpg,4000,3000,human,2453,1822,2508,1889
train_MED_4051_JPG.rf.4184f5999c942da84519841344fba72e.jpg,4000,3000,human,1042,130,1103,215
train_MED_4051_JPG.rf.4184f5999c942da84519841344fba72e.jpg,4000,3000,human,940,147,988,243
train_MED_4051_JPG.rf.4184f5999c942da84519841344fba72e.jpg,4000,3000,human,675,207,734,305
train_JAS_0128_JPG.rf.40d2608390d2df0137fe2422dd4f5b53.jpg,4000,3000,human,846,1843,906,1885
train_JAS_0128_JPG.rf.40d2608390d2df0137fe2422dd4f5b53.jpg,4000,3000,human,2528,725,2573,761


train_VRD_2002_JPG.rf.42067bcfae0c36921100e82692f1e48b.jpg,4000,3000,human,1843,242,1918,337


train_GOR_1055_JPG.rf.42bf40bdb4543e01d7d81d22cdcbbe60.jpg,4000,3000,human,1725,2511,1811,2665

train_BRK_2044_JPG.rf.4420bbf788149354d8b5f39d1fa48a63.jpg,4000,3000,human,1625,1673,1685,1758

train_VRD_0091_JPG.rf.4430203bfa037547e19c724745a1208a.jpg,4000,3000,human,1240,1378,1337,1425

train_BRK_1001_JPG.rf.44b314936548be461378d263f1f96873.jpg,4000,3000,human,1007,2778,1062,2827
train_BRK_1001_JPG.rf.44b314936548be461378d263f1f96873.jpg,4000,3000,human,2072,2009,2112,2060

train_BRK_2114_JPG.rf.44bb1de6f6fe13ca59a7ab4a9423dd74.jpg,4000,3000,human,2782,1156,2921,1235
train_BRK_2114_JPG.rf.44bb1de6f6fe13ca59a7ab4a9423dd74.jpg,4000,3000,human,1509,1024,1581,1108
train_VRD_0013_JPG.rf.44ee3e32257982fea41715cefb95b676.jpg,4000,3000,human,2403,1223,2487,1266
train_SB_0006_JPG.rf.4529336d6fee99d9c3d9e17902920a0b.jpg,4000,3000,human,1026,1227,1109,1265
train_SB_0006_JPG.rf.4529336d6fee99d9c3d9e17902920a0b.jpg,4000,3000,human,2165,1890,2218,1970
train_TRS_0006_JPG.rf.455dcbaa6774a565b38813b6901368e2.jpg,4000,3000,human,1794,1245,1830,1279
train_TRS_0006_JPG.rf.455dcbaa6774a565b38813b6901368e2.jpg,4000,3000,human,2146,971,2216,1008
train_TRS_0006_JPG.rf.455dcbaa6774a565b38813b6901368e2.jpg,4000,3000,human,2976,1393,3024,1429
train_TRS_0006_JPG.rf.455dcbaa6774a565b38813b6901368e2.jpg,4000,3000,human,2059,1713,2093,1748
train_SB_0034_JPG.rf.457a2039a46a75c10d99c35d99c79f4f.jpg,4000,3000,human,2296,1656,2333,1685
train_SB_0034_JPG.rf.457a2039a46a75c10d99c35d99c79f4f.jpg,4000,3000,human,1740,1862,1797,1903
train_SB_0034_JPG.rf.457a2039a46a75c10d99c35d99c79f4f.jpg,4000,3000,human,1961,2475,1989,2518

train_JAS_0129_JPG.rf.4543248a50dd85a41fbfc16c67944493.jpg,4000,3000,human,2611,1315,2646,1357
train_JAS_0129_JPG.rf.4543248a50dd85a41fbfc16c67944493.jpg,4000,3000,human,1130,2496,1180,2558
train_VRD_0154_JPG.rf.4644a33a6f9e889255d1d0fd27c1626f.jpg,4000,3000,human,1738,105,1771,169
train_VRD_0154_JPG.rf.4644a33a6f9e889255d1d0fd27c1626f.jpg,4000,3000,human,1775,125,1809,190

train_VRD_0088_JPG.rf.462fcace4cd32a57b763293db68fb5cf.jpg,4000,3000,human,1388,1111,1431,1186

train_GOR_2005_JPG.rf.46c6ecfcd4de266b50e0965e63e35b9a.jpg,4000,3000,human,2654,890,2701,943
train_GOR_2005_JPG.rf.46c6ecfcd4de266b50e0965e63e35b9a.jpg,4000,3000,human,2761,882,2809,920
train_VRD_2021_JPG.rf.469b01abe554ecaec9eb4a07dcd9eb54.jpg,4000,3000,human,938,847,1056,925
train_VRD_2021_JPG.rf.469b01abe554ecaec9eb4a07dcd9eb54.jpg,4000,3000,human,1421,41,1479,171
train_MED_3023_JPG.rf.4680fff5de4dcc78843aa426c5d0c795.jpg,4000,3000,human,2146,2722,2241,2828

train_BRK_2115_JPG.rf.47ba78eb7cd5587463a37e9542cb49dd.jpg,4000,3000,human,2812,1165,2896,1229
train_BRK_2115_JPG.rf.47ba78eb7cd5587463a37e9542cb49dd.jpg,4000,3000,human,1513,1026,1573,1096
train_MED_3004_JPG.rf.4710677d45d8185e30bda743bd2bfb69.jpg,4000,3000,human,1653,2198,1701,2246
train_MED_3004_JPG.rf.4710677d45d8185e30bda743bd2bfb69.jpg,4000,3000,human,1602,2206,1651,2256
train_MED_3004_JPG.rf.4710677d45d8185e30bda743bd2bfb69.jpg,4000,3000,human,2270,975,2339,1071
train_MED_3004_JPG.rf.4710677d45d8185e30bda743bd2bfb69.jpg,4000,3000,human,1750,983,1811,1033


train_TRS_0013_JPG.rf.492fa83583504337a85a83ceb9f35fbf.jpg,4000,3000,human,1413,1561,1448,1590
train_TRS_0013_JPG.rf.492fa83583504337a85a83ceb9f35fbf.jpg,4000,3000,human,1633,2610,1675,2660

train_RAK_0052_JPG.rf.488438c65e88cfc84d4ce32bad6ac6c1.jpg,4000,3000,human,1792,47,1937,116
train_GOR_1065_JPG.rf.48db4f84259a5e61b0b35326f91f7bb9.jpg,4000,3000,human,345,1866,445,1930
train_GOR_1065_JPG.rf.48db4f84259a5e61b0b35326f91f7bb9.jpg,4000,3000,human,455,1228,545,1300


train_VRD_2036_JPG.rf.4a91dae94b34806702ee5e6e89cfc719.jpg,4000,3000,human,2086,2073,2217,2134


train_SB_0018_JPG.rf.4a405217b4520d81ef76d49108eb2ad4.jpg,4000,3000,human,1288,1015,1335,1069
train_SB_0018_JPG.rf.4a405217b4520d81ef76d49108eb2ad4.jpg,4000,3000,human,2281,1112,2327,1169
train_CAP_0059_JPG.rf.4b941ac3ac62e2ec1f8053d88c72aa5b.jpg,4000,3000,human,1840,1159,1897,1284
train_CAP_0059_JPG.rf.4b941ac3ac62e2ec1f8053d88c72aa5b.jpg,4000,3000,human,2550,1190,2612,1302

train_VRD_2007_JPG.rf.49811c129e40c8a1254ebc6232b3d7cf.jpg,4000,3000,human,2708,193,2806,289
train_MED_4059_JPG.rf.4a9531f0b593cfb93d34fcb3cc7f917f.jpg,4000,3000,human,7,1295,121,1352
train_MED_4059_JPG.rf.4a9531f0b593cfb93d34fcb3cc7f917f.jpg,4000,3000,human,55,1174,152,1227
train_MED_4059_JPG.rf.4a9531f0b593cfb93d34fcb3cc7f917f.jpg,4000,3000,human,1206,1514,1254,1554
train_MED_4059_JPG.rf.4a9531f0b593cfb93d34fcb3cc7f917f.jpg,4000,3000,human,886,1429,949,1476
train_MED_4059_JPG.rf.4a9531f0b593cfb93d34fcb3cc7f917f.jpg,4000,3000,human,1510,1602,1557,1642
train_MED_4059_JPG.rf.4a9531f0b593cfb93d34fcb3cc7f917f.jpg,4000,3000,human,1448,1860,1505,1912

train_MED_3001_JPG.rf.4bfe204132f7bf08e6b0312e25924954.jpg,4000,3000,human,2021,2793,2089,2853
train_MED_3001_JPG.rf.4bfe204132f7bf08e6b0312e25924954.jpg,4000,3000,human,1894,2719,1943,2782
train_MED_3001_JPG.rf.4bfe204132f7bf08e6b0312e25924954.jpg,4000,3000,human,1732,2933,1780,2999
train_MED_3001_JPG.rf.4bfe204132f7bf08e6b0312e25924954.jpg,4000,3000,human,1786,2964,1837,2999
train_ZRI_2010_JPG.rf.4bd5684f90b6d0973f33ef5ed45c5866.jpg,4000,3000,human,1757,922,1809,993
train_ZRI_2010_JPG.rf.4bd5684f90b6d0973f33ef5ed45c5866.jpg,4000,3000,human,1720,880,1754,928
train_ZRI_2010_JPG.rf.4bd5684f90b6d0973f33ef5ed45c5866.jpg,4000,3000,human,175,918,245,958
train_ZRI_2010_JPG.rf.4bd5684f90b6d0973f33ef5ed45c5866.jpg,4000,3000,human,27,957,107,1004
train_ZRI_2010_JPG.rf.4bd5684f90b6d0973f33ef5ed45c5866.jpg,4000,3000,human,249,593,337,655
train_ZRI_2010_JPG.rf.4bd5684f90b6d0973f33ef5ed45c5866.jpg,4000,3000,human,252,460,318,508
train_TRS_0005_JPG.rf.4c6e7ac3648a92e874f6e82b0bd1a809.jpg,4000,3000,human,1790,1270,1825,1304
train_TRS_0005_JPG.rf.4c6e7ac3648a92e874f6e82b0bd1a809.jpg,4000,3000,human,2196,1007,2258,1059
train_TRS_0005_JPG.rf.4c6e7ac3648a92e874f6e82b0bd1a809.jpg,4000,3000,human,2970,1412,3018,1448
train_TRS_0004_JPG.rf.4bd562aa203ff57adf1bcdb7a10787ba.jpg,4000,3000,human,1794,1256,1827,1295
train_TRS_0004_JPG.rf.4bd562aa203ff57adf1bcdb7a10787ba.jpg,4000,3000,human,2228,1019,2295,1051
train_TRS_0004_JPG.rf.4bd562aa203ff57adf1bcdb7a10787ba.jpg,4000,3000,human,2915,1422,2967,1459

train_VRD_2046_JPG.rf.4c93a325291c343796112be9edffec1a.jpg,4000,3000,human,291,289,375,435

train_RAK_0030_JPG.rf.4c33d361f2197eb635e73b44f79e6e44.jpg,4000,3000,human,657,2525,736,2606
train_RAK_0030_JPG.rf.4c33d361f2197eb635e73b44f79e6e44.jpg,4000,3000,human,1616,1332,1674,1382

train_MED_3047_JPG.rf.4b9c05ed1b76d5e509a813fb5344fa3c.jpg,4000,3000,human,1006,2069,1067,2134
train_VRD_0032_JPG.rf.4ce7ea4c10ec3a6e7e9a44852fd3e5b0.jpg,4000,3000,human,2502,1184,2570,1275

train_MED_4064_JPG.rf.4d61bd870c797e4c9649be4b223456dc.jpg,4000,3000,human,1767,1886,1814,1942
train_MED_4064_JPG.rf.4d61bd870c797e4c9649be4b223456dc.jpg,4000,3000,human,1806,1916,1844,1970
train_MED_4064_JPG.rf.4d61bd870c797e4c9649be4b223456dc.jpg,4000,3000,human,1292,2488,1346,2551
train_MED_4064_JPG.rf.4d61bd870c797e4c9649be4b223456dc.jpg,4000,3000,human,1088,2848,1147,2891
train_MED_4064_JPG.rf.4d61bd870c797e4c9649be4b223456dc.jpg,4000,3000,human,1086,2809,1121,2863
train_MED_4064_JPG.rf.4d61bd870c797e4c9649be4b223456dc.jpg,4000,3000,human,733,2797,793,2855
train_MED_4064_JPG.rf.4d61bd870c797e4c9649be4b223456dc.jpg,4000,3000,human,3553,25,3625,97
train_SB_0040_JPG.rf.4d7d274e2148905397935a28b91604ff.jpg,4000,3000,human,1717,1661,1776,1698
train_SB_0040_JPG.rf.4d7d274e2148905397935a28b91604ff.jpg,4000,3000,human,2334,1410,2375,1443
train_SB_0040_JPG.rf.4d7d274e2148905397935a28b91604ff.jpg,4000,3000,human,1980,2325,2016,2371

train_GOR_3014_JPG.rf.4e21bbcd7bfeeb4a89c89e8a7c70954d.jpg,4000,3000,human,973,596,1061,672
train_GOR_3014_JPG.rf.4e21bbcd7bfeeb4a89c89e8a7c70954d.jpg,4000,3000,human,1385,523,1463,602
train_BRK_2011_JPG.rf.4dd2cc4ae0d38e2eeefbd78db6b2c23c.jpg,4000,3000,human,1330,1995,1375,2067
train_BRK_2011_JPG.rf.4dd2cc4ae0d38e2eeefbd78db6b2c23c.jpg,4000,3000,human,1829,1578,1865,1656

train_CAP_0062_JPG.rf.4df626b2479b3fa329b73309b840d1a9.jpg,4000,3000,human,1801,985,1868,1164
train_CAP_0062_JPG.rf.4df626b2479b3fa329b73309b840d1a9.jpg,4000,3000,human,2775,1016,2857,1174
train_ZRI_2076_JPG.rf.4f32af9e7de3875c03d7eabf5c17c660.jpg,4000,3000,human,2637,724,2707,787
train_ZRI_2076_JPG.rf.4f32af9e7de3875c03d7eabf5c17c660.jpg,4000,3000,human,2650,692,2706,739
train_ZRI_2076_JPG.rf.4f32af9e7de3875c03d7eabf5c17c660.jpg,4000,3000,human,2669,620,2717,693
train_VRD_2010_JPG.rf.4d3ba1c15de0e1de3bf00c93482c70d4.jpg,4000,3000,human,2753,1384,2840,1464
train_VRD_2010_JPG.rf.4d3ba1c15de0e1de3bf00c93482c70d4.jpg,4000,3000,human,3141,488,3201,561
train_VRD_0028_JPG.rf.4da435b9ebc15c0735259c991dd1aa57.jpg,4000,3000,human,2577,1514,2627,1549
train_GOR_1050_JPG.rf.4ed8ad741bb8b1e03ef66e5e148751be.jpg,4000,3000,human,2075,131,2138,260
train_VRD_0083_JPG.rf.4fc41439c082ee0a96c311e4e532220c.jpg,4000,3000,human,1527,411,1561,485

train_BRK_2042_JPG.rf.4fff48f0e8ef6ab2c1c582f033c4a190.jpg,4000,3000,human,1635,1673,1696,1749




train_JAS_0167_JPG.rf.5059212d42b914488e54c8a27d1f1cdd.jpg,4000,3000,human,2325,1994,2367,2044
train_BRA_1023_JPG.rf.50e0e107243631e8b4bcd0f77fee43b0.jpg,4000,3000,human,794,2656,843,2715

train_ZRI_3018_JPG.rf.512cb5511b1441401aad10d04eef050e.jpg,4000,3000,human,360,564,445,637
train_ZRI_3018_JPG.rf.512cb5511b1441401aad10d04eef050e.jpg,4000,3000,human,514,1097,606,1171
train_ZRI_3018_JPG.rf.512cb5511b1441401aad10d04eef050e.jpg,4000,3000,human,455,1127,540,1184
train_BRA_1013_JPG.rf.50f694f071ee79463dcb753b0c98711c.jpg,4000,3000,human,161,341,256,403

train_VRD_3009_JPG.rf.5110402fcea1ff9bf1cddee940bf9586.jpg,4000,3000,human,2833,168,2890,247
train_BRS_0037_JPG.rf.51e7f5b133b5d569e7faa5ce68e4531d.jpg,4000,3000,human,2693,982,2740,1036
train_BRS_0037_JPG.rf.51e7f5b133b5d569e7faa5ce68e4531d.jpg,4000,3000,human,2633,931,2675,970
train_BRS_0037_JPG.rf.51e7f5b133b5d569e7faa5ce68e4531d.jpg,4000,3000,human,445,669,511,717


train_ZRI_3035_JPG.rf.519c57a2c9303f74e013127b8a2f5386.jpg,4000,3000,human,402,2571,482,2645
train_ZRI_3035_JPG.rf.519c57a2c9303f74e013127b8a2f5386.jpg,4000,3000,human,859,2336,941,2391
train_ZRI_3035_JPG.rf.519c57a2c9303f74e013127b8a2f5386.jpg,4000,3000,human,1431,2460,1506,2542
train_ZRI_3035_JPG.rf.519c57a2c9303f74e013127b8a2f5386.jpg,4000,3000,human,1558,2415,1625,2503
train_ZRI_3035_JPG.rf.519c57a2c9303f74e013127b8a2f5386.jpg,4000,3000,human,929,1892,1006,1937
train_ZRI_3035_JPG.rf.519c57a2c9303f74e013127b8a2f5386.jpg,4000,3000,human,101,1160,212,1213
train_ZRI_3035_JPG.rf.519c57a2c9303f74e013127b8a2f5386.jpg,4000,3000,human,287,1133,351,1191
train_ZRI_3035_JPG.rf.519c57a2c9303f74e013127b8a2f5386.jpg,4000,3000,human,680,1235,756,1295
train_ZRI_3035_JPG.rf.519c57a2c9303f74e013127b8a2f5386.jpg,4000,3000,human,1116,956,1199,1018
train_ZRI_3035_JPG.rf.519c57a2c9303f74e013127b8a2f5386.jpg,4000,3000,human,1272,988,1337,1044
train_ZRI_3035_JPG.rf.519c57a2c9303f74e013127b8a2f5386.jpg,4000,3000,human,1694,720,1757,807
train_ZRI_3035_JPG.rf.519c57a2c9303f74e013127b8a2f5386.jpg,4000,3000,human,1874,630,1932,702
train_ZRI_3035_JPG.rf.519c57a2c9303f74e013127b8a2f5386.jpg,4000,3000,human,1640,491,1722,581
train_ZRI_3035_JPG.rf.519c57a2c9303f74e013127b8a2f5386.jpg,4000,3000,human,2197,823,2270,897
train_ZRI_3035_JPG.rf.519c57a2c9303f74e013127b8a2f5386.jpg,4000,3000,human,2392,701,2457,769
train_ZRI_3035_JPG.rf.519c57a2c9303f74e013127b8a2f5386.jpg,4000,3000,human,3285,1851,3374,1920
train_ZRI_3035_JPG.rf.519c57a2c9303f74e013127b8a2f5386.jpg,4000,3000,human,3125,1916,3218,1973
train_ZRI_3035_JPG.rf.519c57a2c9303f74e013127b8a2f5386.jpg,4000,3000,human,2481,1558,2523,1651
train_ZRI_3035_JPG.rf.519c57a2c9303f74e013127b8a2f5386.jpg,4000,3000,human,2425,1667,2503,1749
train_ZRI_3035_JPG.rf.519c57a2c9303f74e013127b8a2f5386.jpg,4000,3000,human,2247,30,2293,121
train_ZRI_3035_JPG.rf.519c57a2c9303f74e013127b8a2f5386.jpg,4000,3000,human,1983,73,2030,158
train_ZRI_3035_JPG.rf.519c57a2c9303f74e013127b8a2f5386.jpg,4000,3000,human,2103,0,2154,98
train_ZRI_3035_JPG.rf.519c57a2c9303f74e013127b8a2f5386.jpg,4000,3000,human,1510,139,1557,231
train_ZRI_3035_JPG.rf.519c57a2c9303f74e013127b8a2f5386.jpg,4000,3000,human,1547,103,1603,191
train_ZRI_3035_JPG.rf.519c57a2c9303f74e013127b8a2f5386.jpg,4000,3000,human,2641,79,2711,174
train_ZRI_3035_JPG.rf.519c57a2c9303f74e013127b8a2f5386.jpg,4000,3000,human,2674,0,2734,81
train_ZRI_3035_JPG.rf.519c57a2c9303f74e013127b8a2f5386.jpg,4000,3000,human,2043,2667,2095,2722
train_ZRI_3035_JPG.rf.519c57a2c9303f74e013127b8a2f5386.jpg,4000,3000,human,2548,2461,2591,2505
train_ZRI_3035_JPG.rf.519c57a2c9303f74e013127b8a2f5386.jpg,4000,3000,human,2316,2173,2348,2204
train_BRA_1024_JPG.rf.528870ad1edab0ac0a0ca311ae33739e.jpg,4000,3000,human,736,1744,784,1779

train_BRS_0010_JPG.rf.52b2078af8562ef8809a2457202f484e.jpg,4000,3000,human,353,2012,437,2050
train_BRS_0010_JPG.rf.52b2078af8562ef8809a2457202f484e.jpg,4000,3000,human,359,1860,430,1897
train_BRS_0010_JPG.rf.52b2078af8562ef8809a2457202f484e.jpg,4000,3000,human,1788,2660,1819,2714
train_RAK_0014_JPG.rf.52464e68a92652ea8d48a5186ad51457.jpg,4000,3000,human,801,1903,904,1981
train_JAS_0106_JPG.rf.52a4d2dfbc3a1ab3b812c82a5bee8f62.jpg,4000,3000,human,1966,465,2050,559

train_ZRI_2082_JPG.rf.aaeddab89cc7644d52d1177ed20888f2.jpg,4000,3000,human,2111,718,2163,775
train_ZRI_2082_JPG.rf.aaeddab89cc7644d52d1177ed20888f2.jpg,4000,3000,human,2005,763,2045,810
train_ZRI_2082_JPG.rf.aaeddab89cc7644d52d1177ed20888f2.jpg,4000,3000,human,1768,850,1836,894
train_ZRI_2082_JPG.rf.aaeddab89cc7644d52d1177ed20888f2.jpg,4000,3000,human,1978,835,2041,887
train_ZRI_2082_JPG.rf.aaeddab89cc7644d52d1177ed20888f2.jpg,4000,3000,human,1995,927,2043,980
train_ZRI_2082_JPG.rf.aaeddab89cc7644d52d1177ed20888f2.jpg,4000,3000,human,2023,900,2062,947
train_ZRI_2082_JPG.rf.aaeddab89cc7644d52d1177ed20888f2.jpg,4000,3000,human,2257,1039,2301,1079
train_ZRI_2082_JPG.rf.aaeddab89cc7644d52d1177ed20888f2.jpg,4000,3000,human,1065,2056,1144,2120
train_ZRI_2082_JPG.rf.aaeddab89cc7644d52d1177ed20888f2.jpg,4000,3000,human,1106,2195,1153,2251
train_BRK_2119_JPG.rf.a92b2d14a567ecf24d3d7fb976f27bbe.jpg,4000,3000,human,2812,751,2882,855
train_BRK_2119_JPG.rf.a92b2d14a567ecf24d3d7fb976f27bbe.jpg,4000,3000,human,1503,684,1553,756
train_BRS_0007_JPG.rf.a9b421a26262a1cbaa7f42010a079bee.jpg,4000,3000,human,2058,1920,2090,1948
train_BRS_0007_JPG.rf.a9b421a26262a1cbaa7f42010a079bee.jpg,4000,3000,human,2097,1858,2128,1886
train_BRS_0007_JPG.rf.a9b421a26262a1cbaa7f42010a079bee.jpg,4000,3000,human,2857,1894,2897,1927
train_BLA_0013_JPG.rf.aaaf737ba07f18ba184e827487e6cee5.jpg,4000,3000,human,983,2121,1057,2209

train_BRA_1071_JPG.rf.ab02ce45382abd0f1f6ce8ab3438ec14.jpg,4000,3000,human,1991,2151,2018,2194
train_BRA_1071_JPG.rf.ab02ce45382abd0f1f6ce8ab3438ec14.jpg,4000,3000,human,1814,2229,1853,2269
train_BRA_1071_JPG.rf.ab02ce45382abd0f1f6ce8ab3438ec14.jpg,4000,3000,human,1758,2163,1792,2199
train_BRA_1071_JPG.rf.ab02ce45382abd0f1f6ce8ab3438ec14.jpg,4000,3000,human,1788,2119,1817,2156
train_BRA_1071_JPG.rf.ab02ce45382abd0f1f6ce8ab3438ec14.jpg,4000,3000,human,1807,2144,1834,2179
train_BRA_1071_JPG.rf.ab02ce45382abd0f1f6ce8ab3438ec14.jpg,4000,3000,human,1850,2149,1884,2180
train_BRA_1071_JPG.rf.ab02ce45382abd0f1f6ce8ab3438ec14.jpg,4000,3000,human,1960,2184,1988,2227


train_GOR_3037_JPG.rf.ab1ac74d7e845cb8e969762ff49d612a.jpg,4000,3000,human,1226,1751,1289,1880
train_GOR_3037_JPG.rf.ab1ac74d7e845cb8e969762ff49d612a.jpg,4000,3000,human,2380,2145,2462,2203
train_JAS_0091_JPG.rf.aadaa9bc10cea5dc686c7c702bbe48fb.jpg,4000,3000,human,2430,948,2523,1013
train_JAS_0148_JPG.rf.a7fce8326a0f4ca27f62922be1225181.jpg,4000,3000,human,2519,1028,2585,1095
train_VRD_3084_JPG.rf.a7fb5ae6dc881a11d0930b074df047f3.jpg,4000,3000,human,2427,824,2464,893



train_VRD_3010_JPG.rf.a763c0f93f796f549f195ee5d4e9efda.jpg,4000,3000,human,2800,139,2857,221
train_VRD_3089_JPG.rf.a8466c48ab91622544cf6fee41713703.jpg,4000,3000,human,3442,186,3495,234
train_VRD_3089_JPG.rf.a8466c48ab91622544cf6fee41713703.jpg,4000,3000,human,3079,2554,3123,2624

train_VRD_3018_JPG.rf.a6dbb794080fde98386f8a80a77049eb.jpg,4000,3000,human,1282,2257,1345,2297
train_VRD_0054_JPG.rf.a6f5dfa8f42da3f1adf577fd47f6dd81.jpg,4000,3000,human,465,500,522,544


train_TRS_0009_JPG.rf.aa920d0ecd1013c4c282aa3a512b8c84.jpg,4000,3000,human,1601,1773,1645,1803
train_TRS_0009_JPG.rf.aa920d0ecd1013c4c282aa3a512b8c84.jpg,4000,3000,human,1377,717,1410,773
train_ZRI_2026_JPG.rf.a6b20fc98d3b79e3e44e973dd39fc0c2.jpg,4000,3000,human,1712,1298,1759,1340
train_ZRI_2026_JPG.rf.a6b20fc98d3b79e3e44e973dd39fc0c2.jpg,4000,3000,human,2677,1838,2741,1897
train_ZRI_2026_JPG.rf.a6b20fc98d3b79e3e44e973dd39fc0c2.jpg,4000,3000,human,2574,1856,2630,1896
train_ZRI_2026_JPG.rf.a6b20fc98d3b79e3e44e973dd39fc0c2.jpg,4000,3000,human,1107,2822,1195,2878
train_ZRI_2031_JPG.rf.ab44d14acb22597789607edcf3b6fbd1.jpg,4000,3000,human,3779,1397,3827,1439
train_ZRI_2031_JPG.rf.ab44d14acb22597789607edcf3b6fbd1.jpg,4000,3000,human,3557,1332,3621,1382
train_ZRI_2031_JPG.rf.ab44d14acb22597789607edcf3b6fbd1.jpg,4000,3000,human,3591,1303,3696,1357
train_ZRI_2031_JPG.rf.ab44d14acb22597789607edcf3b6fbd1.jpg,4000,3000,human,2063,183,2113,293
train_ZRI_2031_JPG.rf.ab44d14acb22597789607edcf3b6fbd1.jpg,4000,3000,human,2005,130,2066,231
train_ZRI_2031_JPG.rf.ab44d14acb22597789607edcf3b6fbd1.jpg,4000,3000,human,1824,228,1885,296
train_ZRI_2031_JPG.rf.ab44d14acb22597789607edcf3b6fbd1.jpg,4000,3000,human,1013,98,1074,161
train_ZRI_2031_JPG.rf.ab44d14acb22597789607edcf3b6fbd1.jpg,4000,3000,human,988,72,1031,141
train_ZRI_2031_JPG.rf.ab44d14acb22597789607edcf3b6fbd1.jpg,4000,3000,human,1229,1438,1310,1520
train_ZRI_2031_JPG.rf.ab44d14acb22597789607edcf3b6fbd1.jpg,4000,3000,human,965,2114,1056,2174
train_ZRI_2031_JPG.rf.ab44d14acb22597789607edcf3b6fbd1.jpg,4000,3000,human,2356,2327,2428,2414
train_ZRI_2031_JPG.rf.ab44d14acb22597789607edcf3b6fbd1.jpg,4000,3000,human,2268,2318,2319,2398
train_BRS_0062_JPG.rf.ab60d3f6aa88283fb8cc776e82bd8465.jpg,4000,3000,human,2783,108,2832,183
train_BRS_0062_JPG.rf.ab60d3f6aa88283fb8cc776e82bd8465.jpg,4000,3000,human,2267,1989,2308,2026

train_JAS_0068_JPG.rf.ab34f2cbffba76eaa4890a67cfae4866.jpg,4000,3000,human,977,2696,1017,2740
train_GOR_1066_JPG.rf.ab2e1991e11368a5caad17692700c784.jpg,4000,3000,human,555,2503,667,2583
train_GOR_1066_JPG.rf.ab2e1991e11368a5caad17692700c784.jpg,4000,3000,human,531,1662,631,1734

train_RAK_0057_JPG.rf.ab49b960857efeb533a1c811c0b97fa6.jpg,4000,3000,human,804,2513,963,2595
train_JAS_0165_JPG.rf.ab635c8dccb3e6eae55730715c9997b9.jpg,4000,3000,human,2061,779,2105,831
train_RAK_0066_JPG.rf.ac1cc153054a0fa52e2627ec4a9189c4.jpg,4000,3000,human,1483,1854,1541,1903
train_ZRI_2045_JPG.rf.acf18cef0a1782455d84d2ab018b6321.jpg,4000,3000,human,1802,294,1843,389
train_ZRI_2045_JPG.rf.acf18cef0a1782455d84d2ab018b6321.jpg,4000,3000,human,1941,319,1970,367
train_ZRI_2045_JPG.rf.acf18cef0a1782455d84d2ab018b6321.jpg,4000,3000,human,2297,246,2339,311
train_ZRI_2045_JPG.rf.acf18cef0a1782455d84d2ab018b6321.jpg,4000,3000,human,2356,255,2399,328
train_ZRI_2045_JPG.rf.acf18cef0a1782455d84d2ab018b6321.jpg,4000,3000,human,2584,647,2629,704
train_ZRI_2045_JPG.rf.acf18cef0a1782455d84d2ab018b6321.jpg,4000,3000,human,3339,1258,3399,1314
train_ZRI_2045_JPG.rf.acf18cef0a1782455d84d2ab018b6321.jpg,4000,3000,human,873,270,922,320
train_GOR_3024_JPG.rf.ad08f8087e809a617f3a595e3805b48a.jpg,4000,3000,human,1360,610,1415,727
train_GOR_3024_JPG.rf.ad08f8087e809a617f3a595e3805b48a.jpg,4000,3000,human,2547,1128,2601,1191
train_JAS_0073_JPG.rf.ab85c0dfe7d193030bbd81682fc063da.jpg,4000,3000,human,798,143,854,203

train_BRA_1018_JPG.rf.acbd4c987dcd41468cd7d3f48fd4469a.jpg,4000,3000,human,287,82,350,139
train_RAK_0075_JPG.rf.adbf35cb690c119bb6678cff6d9e1a97.jpg,4000,3000,human,2289,1491,2335,1534
train_RAK_0024_JPG.rf.aed09654736a2da717a61d9000ba73bd.jpg,4000,3000,human,1042,1313,1089,1372
train_BRK_2103_JPG.rf.aee894b5af5c5efe40ecfe24869a8afb.jpg,4000,3000,human,2251,1022,2322,1079
train_BRK_2103_JPG.rf.aee894b5af5c5efe40ecfe24869a8afb.jpg,4000,3000,human,2105,2435,2201,2625

train_ZRI_2064_JPG.rf.af35a59eaf39ceeb1d92d9350688786d.jpg,4000,3000,human,1356,1938,1427,2004
train_ZRI_2064_JPG.rf.af35a59eaf39ceeb1d92d9350688786d.jpg,4000,3000,human,1559,2262,1616,2337
train_ZRI_2064_JPG.rf.af35a59eaf39ceeb1d92d9350688786d.jpg,4000,3000,human,430,868,539,921
train_ZRI_2064_JPG.rf.af35a59eaf39ceeb1d92d9350688786d.jpg,4000,3000,human,620,846,727,922
train_ZRI_2064_JPG.rf.af35a59eaf39ceeb1d92d9350688786d.jpg,4000,3000,human,1412,1009,1487,1073
train_ZRI_2064_JPG.rf.af35a59eaf39ceeb1d92d9350688786d.jpg,4000,3000,human,3815,908,3899,994
train_ZRI_2064_JPG.rf.af35a59eaf39ceeb1d92d9350688786d.jpg,4000,3000,human,8,665,92,729

train_JAS_0110_JPG.rf.ae88a107204478b1dc05d1c563aa1936.jpg,4000,3000,human,1738,2612,1810,2688
train_JAS_0126_JPG.rf.aeee79fe6ec43c984323f56e8fc82903.jpg,4000,3000,human,391,517,485,575
train_GOR_3046_JPG.rf.af0d4393819c8dc08ef9e13358e17227.jpg,4000,3000,human,1316,1302,1374,1384
train_GOR_3046_JPG.rf.af0d4393819c8dc08ef9e13358e17227.jpg,4000,3000,human,1046,1956,1095,2003
train_BRK_2001_JPG.rf.af986c818875bdcba4cb52790c0ec9c3.jpg,4000,3000,human,2061,1532,2116,1594
train_BRK_2001_JPG.rf.af986c818875bdcba4cb52790c0ec9c3.jpg,4000,3000,human,1626,1168,1673,1220
train_BRS_0011_JPG.rf.af3d4090f1cfce893082b064693de27e.jpg,4000,3000,human,69,1954,165,1990
train_BRS_0011_JPG.rf.af3d4090f1cfce893082b064693de27e.jpg,4000,3000,human,77,1792,158,1829
train_BRS_0011_JPG.rf.af3d4090f1cfce893082b064693de27e.jpg,4000,3000,human,1873,2646,1915,2689
train_BRA_1033_JPG.rf.af9a1ba679f7c5ac09173fdf3117a402.jpg,4000,3000,human,695,2678,765,2726
train_BRK_1005_JPG.rf.b02e2c557b60511f463fc9b4d1cbcfbd.jpg,4000,3000,human,988,2767,1040,2825
train_BRK_1005_JPG.rf.b02e2c557b60511f463fc9b4d1cbcfbd.jpg,4000,3000,human,2035,1994,2080,2051

train_VRD_0097_JPG.rf.ab84b52b1634149cafa93e8e68091218.jpg,4000,3000,human,13,1434,152,1507
train_MED_4010_JPG.rf.aefd8cf9c3bdd4985b77f11998fa914e.jpg,4000,3000,human,1693,1,1729,85
train_GOR_1038_JPG.rf.b05f9b242400ae9736a1d34b939bcc51.jpg,4000,3000,human,1938,2751,1988,2831
train_ZRI_2052_JPG.rf.b072a6a27cfe8cccdc2a07168405e1f8.jpg,4000,3000,human,793,1081,844,1185
train_ZRI_2052_JPG.rf.b072a6a27cfe8cccdc2a07168405e1f8.jpg,4000,3000,human,756,1085,794,1133
train_ZRI_2052_JPG.rf.b072a6a27cfe8cccdc2a07168405e1f8.jpg,4000,3000,human,1334,1767,1391,1873
train_ZRI_2052_JPG.rf.b072a6a27cfe8cccdc2a07168405e1f8.jpg,4000,3000,human,3033,1516,3102,1608
train_ZRI_2052_JPG.rf.b072a6a27cfe8cccdc2a07168405e1f8.jpg,4000,3000,human,3101,1484,3176,1591
train_ZRI_2052_JPG.rf.b072a6a27cfe8cccdc2a07168405e1f8.jpg,4000,3000,human,2691,845,2731,962
train_ZRI_2052_JPG.rf.b072a6a27cfe8cccdc2a07168405e1f8.jpg,4000,3000,human,2359,842,2404,941
train_ZRI_2052_JPG.rf.b072a6a27cfe8cccdc2a07168405e1f8.jpg,4000,3000,human,2625,724,2681,812
train_ZRI_2052_JPG.rf.b072a6a27cfe8cccdc2a07168405e1f8.jpg,4000,3000,human,2569,741,2604,820
train_ZRI_2052_JPG.rf.b072a6a27cfe8cccdc2a07168405e1f8.jpg,4000,3000,human,2235,884,2273,962
train_ZRI_2052_JPG.rf.b072a6a27cfe8cccdc2a07168405e1f8.jpg,4000,3000,human,2324,948,2361,996
train_ZRI_2052_JPG.rf.b072a6a27cfe8cccdc2a07168405e1f8.jpg,4000,3000,human,3877,1227,3957,1302
train_ZRI_2052_JPG.rf.b072a6a27cfe8cccdc2a07168405e1f8.jpg,4000,3000,human,3119,643,3163,716
train_ZRI_2052_JPG.rf.b072a6a27cfe8cccdc2a07168405e1f8.jpg,4000,3000,human,3329,656,3368,727


train_BRK_1012_JPG.rf.b0bf22dbf1fd9ae5dcb9a85bdf3c1bf8.jpg,4000,3000,human,890,2604,956,2647
train_BRK_1012_JPG.rf.b0bf22dbf1fd9ae5dcb9a85bdf3c1bf8.jpg,4000,3000,human,2036,1890,2069,1942
train_GOR_3059_JPG.rf.b0b90fb349e498c65fed59adb451fafe.jpg,4000,3000,human,1412,2540,1497,2607
train_GOR_3059_JPG.rf.b0b90fb349e498c65fed59adb451fafe.jpg,4000,3000,human,2075,2601,2143,2660


train_ZRI_2079_JPG.rf.b130aa999d5b5063938a02ae7af16b7d.jpg,4000,3000,human,2149,2799,2193,2848
train_ZRI_2079_JPG.rf.b130aa999d5b5063938a02ae7af16b7d.jpg,4000,3000,human,2074,2867,2131,2925
train_ZRI_2079_JPG.rf.b130aa999d5b5063938a02ae7af16b7d.jpg,4000,3000,human,2105,2843,2133,2886
train_ZRI_2079_JPG.rf.b130aa999d5b5063938a02ae7af16b7d.jpg,4000,3000,human,2127,2829,2156,2870
train_ZRI_2079_JPG.rf.b130aa999d5b5063938a02ae7af16b7d.jpg,4000,3000,human,2579,2184,2638,2234
train_ZRI_2079_JPG.rf.b130aa999d5b5063938a02ae7af16b7d.jpg,4000,3000,human,2303,1576,2351,1626
train_ZRI_2079_JPG.rf.b130aa999d5b5063938a02ae7af16b7d.jpg,4000,3000,human,2347,1575,2389,1622
train_ZRI_2079_JPG.rf.b130aa999d5b5063938a02ae7af16b7d.jpg,4000,3000,human,1656,1823,1720,1883
train_ZRI_2079_JPG.rf.b130aa999d5b5063938a02ae7af16b7d.jpg,4000,3000,human,1515,1695,1577,1775
train_ZRI_2079_JPG.rf.b130aa999d5b5063938a02ae7af16b7d.jpg,4000,3000,human,1603,1846,1648,1890
train_ZRI_2079_JPG.rf.b130aa999d5b5063938a02ae7af16b7d.jpg,4000,3000,human,2145,560,2206,624
train_ZRI_2079_JPG.rf.b130aa999d5b5063938a02ae7af16b7d.jpg,4000,3000,human,2161,513,2193,549
train_ZRI_2079_JPG.rf.b130aa999d5b5063938a02ae7af16b7d.jpg,4000,3000,human,3933,2605,3999,2665
train_ZRI_2079_JPG.rf.b130aa999d5b5063938a02ae7af16b7d.jpg,4000,3000,human,1320,63,1400,167
train_ZRI_2079_JPG.rf.b130aa999d5b5063938a02ae7af16b7d.jpg,4000,3000,human,1384,60,1429,121
train_ZRI_2086_JPG.rf.b20443596e3cb8b7d168d6dfe3f54b20.jpg,4000,3000,human,2813,230,2859,301
train_ZRI_2086_JPG.rf.b20443596e3cb8b7d168d6dfe3f54b20.jpg,4000,3000,human,2853,214,2898,298

train_JAS_0135_JPG.rf.b0f1bd28eef87588032648745e43f455.jpg,4000,3000,human,3328,2328,3397,2438

train_JAS_0169_JPG.rf.b15286fb0098470a85522c7312e88b65.jpg,4000,3000,human,2581,65,2634,144
train_JAS_0169_JPG.rf.b15286fb0098470a85522c7312e88b65.jpg,4000,3000,human,2118,2581,2166,2625
train_VRD_3125_JPG.rf.b1d3109606a1ef18c3049d319bcc8bd5.jpg,4000,3000,human,1226,616,1313,682


train_VRD_2034_JPG.rf.b1f75c0aa2ba7b8a6d95da0e71ac0bc7.jpg,4000,3000,human,2093,1946,2183,2070
train_VRD_2034_JPG.rf.b1f75c0aa2ba7b8a6d95da0e71ac0bc7.jpg,4000,3000,human,2099,1062,2225,1118
train_VRD_0012_JPG.rf.b22a2525263c4eaa911ca8f2118f0a42.jpg,4000,3000,human,3462,2628,3532,2755
train_VRD_0012_JPG.rf.b22a2525263c4eaa911ca8f2118f0a42.jpg,4000,3000,human,2459,769,2518,811
train_BRK_2120_JPG.rf.b22b732d05b45630206aab552a6f96d0.jpg,4000,3000,human,2836,631,2898,699
train_BRK_2120_JPG.rf.b22b732d05b45630206aab552a6f96d0.jpg,4000,3000,human,1505,575,1562,650
train_VRD_0144_JPG.rf.b233c5d99531d9c9f4736e23726d2c1c.jpg,4000,3000,human,1493,1267,1566,1305
train_VRD_0144_JPG.rf.b233c5d99531d9c9f4736e23726d2c1c.jpg,4000,3000,human,2742,828,2791,878
train_BLA_0010_JPG.rf.b23b7f5be9b8dcd0457fc6b8d10bfd30.jpg,4000,3000,human,3500,1181,3558,1262
train_BLA_0010_JPG.rf.b23b7f5be9b8dcd0457fc6b8d10bfd30.jpg,4000,3000,human,329,1755,406,1797
train_BLA_0010_JPG.rf.b23b7f5be9b8dcd0457fc6b8d10bfd30.jpg,4000,3000,human,2659,2778,2705,2842
train_BRS_0001_JPG.rf.b29d03613ab300f1a1b9279df2f20b81.jpg,4000,3000,human,2081,1738,2107,1774
train_BRS_0001_JPG.rf.b29d03613ab300f1a1b9279df2f20b81.jpg,4000,3000,human,2169,1625,2198,1661
train_BRS_0001_JPG.rf.b29d03613ab300f1a1b9279df2f20b81.jpg,4000,3000,human,2108,1730,2129,1761
train_BLA_0001_JPG.rf.b38b09500232b750636efb8ed4497037.jpg,4000,3000,human,3470,1194,3539,1274
train_BLA_0001_JPG.rf.b38b09500232b750636efb8ed4497037.jpg,4000,3000,human,2644,2819,2708,2886
train_BLA_0001_JPG.rf.b38b09500232b750636efb8ed4497037.jpg,4000,3000,human,354,1750,434,1790

train_BRS_0024_JPG.rf.b32609f4acc501d5c10600ab38337bea.jpg,4000,3000,human,2212,1667,2244,1698
train_BRS_0024_JPG.rf.b32609f4acc501d5c10600ab38337bea.jpg,4000,3000,human,27,1020,107,1071
train_BRS_0024_JPG.rf.b32609f4acc501d5c10600ab38337bea.jpg,4000,3000,human,84,938,173,984
train_TRS_0024_JPG.rf.b262ab6bc4594bb6e456206c30ba170e.jpg,4000,3000,human,1435,2642,1475,2685
train_TRS_0024_JPG.rf.b262ab6bc4594bb6e456206c30ba170e.jpg,4000,3000,human,1250,1528,1298,1561
train_TRS_0024_JPG.rf.b262ab6bc4594bb6e456206c30ba170e.jpg,4000,3000,human,2171,2163,2211,2206

train_VRD_3105_JPG.rf.b2ef89540469e7e91ebcafed14ce30d0.jpg,4000,3000,human,2146,848,2197,981
train_VRD_3006_JPG.rf.b3597a74cc3605d6739f3d6a24a2f9b1.jpg,4000,3000,human,1007,313,1050,373
train_VRD_3006_JPG.rf.b3597a74cc3605d6739f3d6a24a2f9b1.jpg,4000,3000,human,2576,1861,2620,1911




train_MED_3062_JPG.rf.b3f31c42cdf99ea961633ee695f06006.jpg,4000,3000,human,765,997,830,1044
train_MED_3062_JPG.rf.b3f31c42cdf99ea961633ee695f06006.jpg,4000,3000,human,2723,167,2773,227
train_BLA_0003_JPG.rf.b458b654423a78a846f453e3dae041db.jpg,4000,3000,human,345,1741,412,1790
train_BLA_0003_JPG.rf.b458b654423a78a846f453e3dae041db.jpg,4000,3000,human,3484,1187,3544,1267
train_BLA_0003_JPG.rf.b458b654423a78a846f453e3dae041db.jpg,4000,3000,human,2660,2819,2711,2897
train_ZRI_2004_JPG.rf.b42f8061fe1320734e52b21a5eb77bba.jpg,4000,3000,human,1948,212,1997,292
train_ZRI_2004_JPG.rf.b42f8061fe1320734e52b21a5eb77bba.jpg,4000,3000,human,1737,354,1772,387
train_ZRI_2004_JPG.rf.b42f8061fe1320734e52b21a5eb77bba.jpg,4000,3000,human,1776,390,1825,449
train_SB_0010_JPG.rf.b423bdcd14b80a82fc82964fbf1bdeba.jpg,4000,3000,human,1901,973,1977,1028
train_SB_0010_JPG.rf.b423bdcd14b80a82fc82964fbf1bdeba.jpg,4000,3000,human,2444,2199,2517,2249
train_SB_0021_JPG.rf.b461a60f1d4607ee4cd6d6d55f1897cf.jpg,4000,3000,human,1756,2322,1782,2367
train_SB_0021_JPG.rf.b461a60f1d4607ee4cd6d6d55f1897cf.jpg,4000,3000,human,2179,1771,2217,1803
train_BRK_2113_JPG.rf.b49af67656703fd1cd310bfbcf80afec.jpg,4000,3000,human,2788,1168,2929,1240
train_BRK_2113_JPG.rf.b49af67656703fd1cd310bfbcf80afec.jpg,4000,3000,human,1537,1006,1591,1079
train_BRK_2055_JPG.rf.b4d47761026fe6c7ce6a122934bc5f5f.jpg,4000,3000,human,1712,1780,1822,1836
train_BRK_2055_JPG.rf.b4d47761026fe6c7ce6a122934bc5f5f.jpg,4000,3000,human,3391,1577,3489,1657
train_BRK_2111_JPG.rf.b4b38f7facee9c1f89a5298e69ed6a16.jpg,4000,3000,human,1309,1619,1381,1684
train_BRK_2111_JPG.rf.b4b38f7facee9c1f89a5298e69ed6a16.jpg,4000,3000,human,2084,512,2157,658


train_VRD_2024_JPG.rf.b511e41f2e71020e4e428451d33e75eb.jpg,4000,3000,human,1194,1896,1254,2035
train_VRD_2024_JPG.rf.b511e41f2e71020e4e428451d33e75eb.jpg,4000,3000,human,698,2812,804,2885
train_GOR_3071_JPG.rf.b600aab3d4dbc0646b32cb7b34b794e2.jpg,4000,3000,human,2636,1645,2689,1704
train_GOR_3071_JPG.rf.b600aab3d4dbc0646b32cb7b34b794e2.jpg,4000,3000,human,2988,2397,3051,2436
train_MED_3018_JPG.rf.b651d7460ce32df3cfa2502ee11bd9f8.jpg,4000,3000,human,2219,2431,2280,2495
train_MED_3018_JPG.rf.b651d7460ce32df3cfa2502ee11bd9f8.jpg,4000,3000,human,2001,2421,2073,2508
train_MED_3018_JPG.rf.b651d7460ce32df3cfa2502ee11bd9f8.jpg,4000,3000,human,2368,1955,2458,2090
train_MED_3018_JPG.rf.b651d7460ce32df3cfa2502ee11bd9f8.jpg,4000,3000,human,2368,1730,2449,1838
train_MED_3018_JPG.rf.b651d7460ce32df3cfa2502ee11bd9f8.jpg,4000,3000,human,2339,1039,2405,1161
train_MED_3018_JPG.rf.b651d7460ce32df3cfa2502ee11bd9f8.jpg,4000,3000,human,2245,173,2300,331
train_MED_3018_JPG.rf.b651d7460ce32df3cfa2502ee11bd9f8.jpg,4000,3000,human,2296,57,2356,217




train_BRK_2123_JPG.rf.b67602dd7054a47527b739791461a7bf.jpg,4000,3000,human,2758,748,2826,843
train_BRK_2123_JPG.rf.b67602dd7054a47527b739791461a7bf.jpg,4000,3000,human,1461,669,1511,742


train_CAP_0001_JPG.rf.b66b50a9ec3721643601b8295cf88012.jpg,4000,3000,human,1724,1299,1814,1469
train_CAP_0001_JPG.rf.b66b50a9ec3721643601b8295cf88012.jpg,4000,3000,human,1928,915,2001,991
train_ZRI_2089_JPG.rf.b6931603414c53ddd11d0e03cf4aaed0.jpg,4000,3000,human,719,891,799,954
train_ZRI_2089_JPG.rf.b6931603414c53ddd11d0e03cf4aaed0.jpg,4000,3000,human,2000,896,2060,974
train_ZRI_2089_JPG.rf.b6931603414c53ddd11d0e03cf4aaed0.jpg,4000,3000,human,1938,890,1988,970
train_ZRI_2089_JPG.rf.b6931603414c53ddd11d0e03cf4aaed0.jpg,4000,3000,human,2637,1016,2692,1078
train_ZRI_2089_JPG.rf.b6931603414c53ddd11d0e03cf4aaed0.jpg,4000,3000,human,2704,1029,2746,1083
train_JAS_0063_JPG.rf.b513ceb97cf96313d152e1753ecc4575.jpg,4000,3000,human,1559,301,1609,363



train_ZRI_3012_JPG.rf.b79fe2c7ec7e56db703bdf479c90c759.jpg,4000,3000,human,2783,1946,2841,2026
train_ZRI_3012_JPG.rf.b79fe2c7ec7e56db703bdf479c90c759.jpg,4000,3000,human,2542,1618,2621,1670
train_ZRI_3012_JPG.rf.b79fe2c7ec7e56db703bdf479c90c759.jpg,4000,3000,human,2855,1358,2931,1436
train_ZRI_3012_JPG.rf.b79fe2c7ec7e56db703bdf479c90c759.jpg,4000,3000,human,3731,1393,3843,1443
train_ZRI_3012_JPG.rf.b79fe2c7ec7e56db703bdf479c90c759.jpg,4000,3000,human,2546,985,2595,1027
train_ZRI_3012_JPG.rf.b79fe2c7ec7e56db703bdf479c90c759.jpg,4000,3000,human,2352,2321,2430,2412
train_ZRI_3012_JPG.rf.b79fe2c7ec7e56db703bdf479c90c759.jpg,4000,3000,human,3480,2448,3539,2519
train_ZRI_3012_JPG.rf.b79fe2c7ec7e56db703bdf479c90c759.jpg,4000,3000,human,3555,2474,3653,2540
train_GOR_2001_JPG.rf.b9ea5a12ba971934b0187fc3c44366a3.jpg,4000,3000,human,2088,1773,2135,1827
train_GOR_2001_JPG.rf.b9ea5a12ba971934b0187fc3c44366a3.jpg,4000,3000,human,2350,1156,2403,1207
train_MED_3063_JPG.rf.b9cf7ebd8f36b52236a30539ecfddc65.jpg,4000,3000,human,1333,694,1382,745
train_MED_3063_JPG.rf.b9cf7ebd8f36b52236a30539ecfddc65.jpg,4000,3000,human,3617,1315,3699,1374
train_MED_3063_JPG.rf.b9cf7ebd8f36b52236a30539ecfddc65.jpg,4000,3000,human,3415,1527,3496,1574
train_VRD_0084_JPG.rf.b7e2613ed8e4ae46b2dd43d7e381c53e.jpg,4000,3000,human,1503,447,1554,511

train_MED_3019_JPG.rf.b849dce2d5eec5fd102b650ee49dc75c.jpg,4000,3000,human,2280,1588,2368,1697
train_MED_3019_JPG.rf.b849dce2d5eec5fd102b650ee49dc75c.jpg,4000,3000,human,2230,463,2296,612
train_MED_3019_JPG.rf.b849dce2d5eec5fd102b650ee49dc75c.jpg,4000,3000,human,2295,308,2369,471
train_MED_3019_JPG.rf.b849dce2d5eec5fd102b650ee49dc75c.jpg,4000,3000,human,2332,2029,2417,2163
train_MED_3019_JPG.rf.b849dce2d5eec5fd102b650ee49dc75c.jpg,4000,3000,human,2359,2330,2452,2443
train_MED_3019_JPG.rf.b849dce2d5eec5fd102b650ee49dc75c.jpg,4000,3000,human,2284,2818,2364,2886
train_MED_3031_JPG.rf.b871df44f9501a712d5bea025bfe2e1c.jpg,4000,3000,human,236,2500,380,2608
train_MED_3031_JPG.rf.b871df44f9501a712d5bea025bfe2e1c.jpg,4000,3000,human,369,2406,492,2523
train_MED_3031_JPG.rf.b871df44f9501a712d5bea025bfe2e1c.jpg,4000,3000,human,387,2180,520,2309
train_MED_3031_JPG.rf.b871df44f9501a712d5bea025bfe2e1c.jpg,4000,3000,human,320,1779,448,1871

train_JAS_0146_JPG.rf.b9ee33c9fe9382b427416ec0b9a946d4.jpg,4000,3000,human,2761,233,2827,313


train_VRD_0065_JPG.rf.ba7e20cd1d66bf56f6e2dbbf8b616293.jpg,4000,3000,human,381,2167,443,2205
train_SB_0025_JPG.rf.ba70a68b5cc93edee35fe82c7ea111bd.jpg,4000,3000,human,2212,1564,2250,1592
train_SB_0025_JPG.rf.ba70a68b5cc93edee35fe82c7ea111bd.jpg,4000,3000,human,2324,2789,2364,2843
train_SB_0025_JPG.rf.ba70a68b5cc93edee35fe82c7ea111bd.jpg,4000,3000,human,1807,1996,1846,2031
train_VRD_0003_JPG.rf.ba96b6707f9bd736ae06b8264db3d9e9.jpg,4000,3000,human,2569,1281,2633,1341

train_ZRI_2046_JPG.rf.bb2a94990639580bb0af64f232dd0657.jpg,4000,3000,human,2462,1275,2521,1352
train_ZRI_2046_JPG.rf.bb2a94990639580bb0af64f232dd0657.jpg,4000,3000,human,2643,1439,2704,1492
train_ZRI_2046_JPG.rf.bb2a94990639580bb0af64f232dd0657.jpg,4000,3000,human,2647,1399,2701,1448
train_ZRI_2046_JPG.rf.bb2a94990639580bb0af64f232dd0657.jpg,4000,3000,human,1913,894,1958,979
train_ZRI_2046_JPG.rf.bb2a94990639580bb0af64f232dd0657.jpg,4000,3000,human,2292,885,2342,954
train_ZRI_2046_JPG.rf.bb2a94990639580bb0af64f232dd0657.jpg,4000,3000,human,2369,910,2408,982
train_ZRI_2046_JPG.rf.bb2a94990639580bb0af64f232dd0657.jpg,4000,3000,human,2657,598,2705,686
train_ZRI_2046_JPG.rf.bb2a94990639580bb0af64f232dd0657.jpg,4000,3000,human,1677,463,1726,537
train_ZRI_2046_JPG.rf.bb2a94990639580bb0af64f232dd0657.jpg,4000,3000,human,1615,137,1671,218
train_ZRI_2046_JPG.rf.bb2a94990639580bb0af64f232dd0657.jpg,4000,3000,human,622,954,683,1004
train_ZRI_2046_JPG.rf.bb2a94990639580bb0af64f232dd0657.jpg,4000,3000,human,500,114,555,180
train_ZRI_2046_JPG.rf.bb2a94990639580bb0af64f232dd0657.jpg,4000,3000,human,1170,18,1213,92
train_ZRI_2046_JPG.rf.bb2a94990639580bb0af64f232dd0657.jpg,4000,3000,human,727,180,761,233

train_MED_4035_JPG.rf.bb9bb9979ee849ab21148b1454257e37.jpg,4000,3000,human,1537,2918,1606,2999
train_BRK_1006_JPG.rf.bbb4adc11332f19b8a7ded82dfda28d9.jpg,4000,3000,human,991,2770,1042,2827
train_BRK_1006_JPG.rf.bbb4adc11332f19b8a7ded82dfda28d9.jpg,4000,3000,human,2033,2006,2089,2052


train_BLA_0009_JPG.rf.bc124454285ceac658859ce4c3e00a08.jpg,4000,3000,human,3506,1178,3566,1264
train_BLA_0009_JPG.rf.bc124454285ceac658859ce4c3e00a08.jpg,4000,3000,human,341,1754,413,1805
train_BLA_0009_JPG.rf.bc124454285ceac658859ce4c3e00a08.jpg,4000,3000,human,2667,2781,2713,2845

train_VRD_3107_JPG.rf.bc2a887471550325caaf413cb574a5a0.jpg,4000,3000,human,2330,1749,2381,1898
train_GOR_3008_JPG.rf.bca25e58f35592dcf2ebf5faa64f85bf.jpg,4000,3000,human,1075,395,1154,486
train_GOR_3008_JPG.rf.bca25e58f35592dcf2ebf5faa64f85bf.jpg,4000,3000,human,2118,691,2164,768
train_ZRI_2037_JPG.rf.bca310b0035e19e958857a37e9c42c4f.jpg,4000,3000,human,1179,1531,1230,1611
train_ZRI_2037_JPG.rf.bca310b0035e19e958857a37e9c42c4f.jpg,4000,3000,human,1264,1547,1308,1629
train_ZRI_2037_JPG.rf.bca310b0035e19e958857a37e9c42c4f.jpg,4000,3000,human,1325,1569,1366,1622
train_ZRI_2037_JPG.rf.bca310b0035e19e958857a37e9c42c4f.jpg,4000,3000,human,1365,1533,1427,1581
train_ZRI_2037_JPG.rf.bca310b0035e19e958857a37e9c42c4f.jpg,4000,3000,human,1229,1541,1268,1607
train_ZRI_2037_JPG.rf.bca310b0035e19e958857a37e9c42c4f.jpg,4000,3000,human,2200,1740,2272,1807
train_ZRI_2037_JPG.rf.bca310b0035e19e958857a37e9c42c4f.jpg,4000,3000,human,2265,1846,2303,1890
train_ZRI_2037_JPG.rf.bca310b0035e19e958857a37e9c42c4f.jpg,4000,3000,human,2400,1609,2451,1673
train_ZRI_2037_JPG.rf.bca310b0035e19e958857a37e9c42c4f.jpg,4000,3000,human,2615,1413,2672,1461
train_ZRI_2037_JPG.rf.bca310b0035e19e958857a37e9c42c4f.jpg,4000,3000,human,3023,2196,3085,2244
train_ZRI_2037_JPG.rf.bca310b0035e19e958857a37e9c42c4f.jpg,4000,3000,human,3273,2341,3348,2400
train_ZRI_2037_JPG.rf.bca310b0035e19e958857a37e9c42c4f.jpg,4000,3000,human,3243,2354,3280,2402
train_ZRI_2037_JPG.rf.bca310b0035e19e958857a37e9c42c4f.jpg,4000,3000,human,1053,1164,1090,1213
train_ZRI_2037_JPG.rf.bca310b0035e19e958857a37e9c42c4f.jpg,4000,3000,human,1086,1182,1120,1229
train_ZRI_2037_JPG.rf.bca310b0035e19e958857a37e9c42c4f.jpg,4000,3000,human,2775,834,2854,912
train_ZRI_2037_JPG.rf.bca310b0035e19e958857a37e9c42c4f.jpg,4000,3000,human,3518,305,3579,373

train_VRD_0016_JPG.rf.bc67829eeb11d46fcf1bd4acc310f990.jpg,4000,3000,human,2395,2079,2439,2120


train_SB_0004_JPG.rf.bcbbd1e8abc4845b718fc24916792424.jpg,4000,3000,human,2234,1161,2315,1205
train_SB_0004_JPG.rf.bcbbd1e8abc4845b718fc24916792424.jpg,4000,3000,human,2057,2457,2115,2534
train_GOR_3077_JPG.rf.bd3bca5594860b7e8cfd6fa0123504bb.jpg,4000,3000,human,887,1211,948,1272
train_GOR_3077_JPG.rf.bd3bca5594860b7e8cfd6fa0123504bb.jpg,4000,3000,human,977,1548,1036,1606
train_MED_3029_JPG.rf.bd1a1c5ab6916b595beb56559dba9637.jpg,4000,3000,human,380,2362,492,2440
train_MED_3029_JPG.rf.bd1a1c5ab6916b595beb56559dba9637.jpg,4000,3000,human,492,1960,603,2044
train_MED_3029_JPG.rf.bd1a1c5ab6916b595beb56559dba9637.jpg,4000,3000,human,215,2058,345,2139
train_MED_3029_JPG.rf.bd1a1c5ab6916b595beb56559dba9637.jpg,4000,3000,human,661,1727,757,1827
train_MED_3029_JPG.rf.bd1a1c5ab6916b595beb56559dba9637.jpg,4000,3000,human,856,1436,932,1538
train_GOR_1057_JPG.rf.bdb69da3fde0509c08c386c4511e2545.jpg,4000,3000,human,1719,2605,1789,2759

train_VRD_3097_JPG.rf.bcd008f1a1a420e505fa990ffc26a83d.jpg,4000,3000,human,2568,2335,2628,2378
train_JAS_0080_JPG.rf.be83b186b2cae643b76c4c4224d01515.jpg,4000,3000,human,975,2265,1032,2307

train_GOR_2055_JPG.rf.bf44f76865050f78136f7b2ab153277c.jpg,4000,3000,human,1897,0,1942,43
train_VRD_2025_JPG.rf.bd6790b3bafd6bea918792b3226ca942.jpg,4000,3000,human,1082,2614,1138,2752
train_RAK_0070_JPG.rf.be9ee52bbac450433be36f81bdc4d785.jpg,4000,3000,human,2059,1782,2114,1837
train_RAK_0054_JPG.rf.bed7a451afb8b8d4d643b7fa12e9cb6e.jpg,4000,3000,human,1875,1308,2017,1380
train_MED_3022_JPG.rf.c01af7dadf2ee90ca5f3c71ba9ce99ac.jpg,4000,3000,human,2157,1822,2229,1954
train_VRD_0121_JPG.rf.bfc38e4d21bb76cd6d188d5a2974c25f.jpg,4000,3000,human,2035,2410,2081,2446
train_BRK_2076_JPG.rf.bfbe84740f3fe2ef6ef63a966603ac00.jpg,4000,3000,human,541,1962,593,1997
train_BRK_2076_JPG.rf.bfbe84740f3fe2ef6ef63a966603ac00.jpg,4000,3000,human,522,1942,566,1978
train_ZRI_2034_JPG.rf.bfd8d33e65c9569e846d7683c2a359d5.jpg,4000,3000,human,2509,867,2579,929
train_ZRI_2034_JPG.rf.bfd8d33e65c9569e846d7683c2a359d5.jpg,4000,3000,human,2605,896,2686,956
train_ZRI_2034_JPG.rf.bfd8d33e65c9569e846d7683c2a359d5.jpg,4000,3000,human,1854,2082,1900,2144
train_ZRI_2034_JPG.rf.bfd8d33e65c9569e846d7683c2a359d5.jpg,4000,3000,human,1309,2374,1386,2444
train_ZRI_2034_JPG.rf.bfd8d33e65c9569e846d7683c2a359d5.jpg,4000,3000,human,1336,2451,1408,2529
train_ZRI_2034_JPG.rf.bfd8d33e65c9569e846d7683c2a359d5.jpg,4000,3000,human,1231,1043,1278,1109
train_ZRI_2034_JPG.rf.bfd8d33e65c9569e846d7683c2a359d5.jpg,4000,3000,human,1138,1022,1210,1091
train_ZRI_2034_JPG.rf.bfd8d33e65c9569e846d7683c2a359d5.jpg,4000,3000,human,3263,1414,3352,1490
train_ZRI_2034_JPG.rf.bfd8d33e65c9569e846d7683c2a359d5.jpg,4000,3000,human,3771,932,3830,979
train_ZRI_2034_JPG.rf.bfd8d33e65c9569e846d7683c2a359d5.jpg,4000,3000,human,492,2280,584,2332
train_TRS_0040_JPG.rf.c1284076800f0a74bbce58509de8729d.jpg,4000,3000,human,1204,2184,1248,2230
train_TRS_0040_JPG.rf.c1284076800f0a74bbce58509de8729d.jpg,4000,3000,human,2900,2342,2956,2392
train_TRS_0040_JPG.rf.c1284076800f0a74bbce58509de8729d.jpg,4000,3000,human,1145,235,1191,286
train_MED_4033_JPG.rf.c0f9ceb3dbe35c40a80d67284fddf7cc.jpg,4000,3000,human,1347,1332,1406,1393
train_SB_0037_JPG.rf.c1fa6ca3f349f404320e06292a550af8.jpg,4000,3000,human,2295,1476,2329,1511
train_SB_0037_JPG.rf.c1fa6ca3f349f404320e06292a550af8.jpg,4000,3000,human,1743,1689,1795,1724
train_SB_0037_JPG.rf.c1fa6ca3f349f404320e06292a550af8.jpg,4000,3000,human,1960,2294,1988,2333

train_CAP_0060_JPG.rf.c055c46b2cbcd64852262d91a71bf5c7.jpg,4000,3000,human,1810,1012,1884,1196
train_CAP_0060_JPG.rf.c055c46b2cbcd64852262d91a71bf5c7.jpg,4000,3000,human,2790,1066,2875,1224
train_GOR_3023_JPG.rf.bfcee6668b1ed50f8208f0e164374e70.jpg,4000,3000,human,1358,620,1415,728
train_GOR_3023_JPG.rf.bfcee6668b1ed50f8208f0e164374e70.jpg,4000,3000,human,2597,1122,2650,1199
train_VRD_0007_JPG.rf.c1a1be868469f0e9a514bc719b5ff57f.jpg,4000,3000,human,3535,657,3605,719
train_CAP_0053_JPG.rf.c1d6cffaf900d5839204915d8f37d6b3.jpg,4000,3000,human,2031,1264,2101,1359



train_RAK_0029_JPG.rf.c15043397ab54545aac307ea728dcdfe.jpg,4000,3000,human,613,2020,682,2079
train_RAK_0029_JPG.rf.c15043397ab54545aac307ea728dcdfe.jpg,4000,3000,human,1549,810,1613,876
train_BRK_2028_JPG.rf.c211b0729822317cf62ccc7848cd0f7d.jpg,4000,3000,human,2057,2002,2110,2046

train_VRD_0098_JPG.rf.c27439937e7beddd5a5f383bfd3e500e.jpg,4000,3000,human,0,1832,116,1902
train_ZRI_2035_JPG.rf.c286590a8776a1ac780387342e368ff4.jpg,4000,3000,human,2352,172,2398,233
train_ZRI_2035_JPG.rf.c286590a8776a1ac780387342e368ff4.jpg,4000,3000,human,3022,518,3094,603
train_ZRI_2035_JPG.rf.c286590a8776a1ac780387342e368ff4.jpg,4000,3000,human,3087,402,3139,458
train_ZRI_2035_JPG.rf.c286590a8776a1ac780387342e368ff4.jpg,4000,3000,human,3314,347,3360,401
train_ZRI_2035_JPG.rf.c286590a8776a1ac780387342e368ff4.jpg,4000,3000,human,3486,1104,3526,1165
train_ZRI_2035_JPG.rf.c286590a8776a1ac780387342e368ff4.jpg,4000,3000,human,2362,1325,2428,1391
train_ZRI_2035_JPG.rf.c286590a8776a1ac780387342e368ff4.jpg,4000,3000,human,2497,2429,2555,2489
train_ZRI_2035_JPG.rf.c286590a8776a1ac780387342e368ff4.jpg,4000,3000,human,2573,2450,2643,2515
train_ZRI_2035_JPG.rf.c286590a8776a1ac780387342e368ff4.jpg,4000,3000,human,2544,2549,2581,2597
train_ZRI_2035_JPG.rf.c286590a8776a1ac780387342e368ff4.jpg,4000,3000,human,2578,2846,2619,2898
train_ZRI_3023_JPG.rf.c2aba422821ece05b3ba7c434398494b.jpg,4000,3000,human,686,1728,778,1790
train_ZRI_3023_JPG.rf.c2aba422821ece05b3ba7c434398494b.jpg,4000,3000,human,682,1634,785,1692
train_ZRI_3023_JPG.rf.c2aba422821ece05b3ba7c434398494b.jpg,4000,3000,human,1848,1274,1908,1351
train_ZRI_3023_JPG.rf.c2aba422821ece05b3ba7c434398494b.jpg,4000,3000,human,2025,1222,2073,1298
train_ZRI_3023_JPG.rf.c2aba422821ece05b3ba7c434398494b.jpg,4000,3000,human,2604,1635,2668,1687
train_ZRI_3023_JPG.rf.c2aba422821ece05b3ba7c434398494b.jpg,4000,3000,human,2534,1701,2596,1780
train_ZRI_3023_JPG.rf.c2aba422821ece05b3ba7c434398494b.jpg,4000,3000,human,2399,1609,2454,1669
train_ZRI_3023_JPG.rf.c2aba422821ece05b3ba7c434398494b.jpg,4000,3000,human,3301,1239,3361,1309
train_ZRI_3023_JPG.rf.c2aba422821ece05b3ba7c434398494b.jpg,4000,3000,human,3759,1563,3857,1662
train_ZRI_3023_JPG.rf.c2aba422821ece05b3ba7c434398494b.jpg,4000,3000,human,3674,1188,3757,1258
train_ZRI_3023_JPG.rf.c2aba422821ece05b3ba7c434398494b.jpg,4000,3000,human,3690,767,3757,825
train_ZRI_3023_JPG.rf.c2aba422821ece05b3ba7c434398494b.jpg,4000,3000,human,3668,2435,3753,2500
train_ZRI_3023_JPG.rf.c2aba422821ece05b3ba7c434398494b.jpg,4000,3000,human,2989,2547,3058,2629
train_ZRI_3023_JPG.rf.c2aba422821ece05b3ba7c434398494b.jpg,4000,3000,human,2718,2850,2816,2938
train_ZRI_3023_JPG.rf.c2aba422821ece05b3ba7c434398494b.jpg,4000,3000,human,2577,2441,2649,2546
train_ZRI_3023_JPG.rf.c2aba422821ece05b3ba7c434398494b.jpg,4000,3000,human,2150,2556,2224,2621
train_TRS_0047_JPG.rf.c294c91af0ec747023d49180865cd722.jpg,4000,3000,human,2593,2585,2632,2651
train_TRS_0047_JPG.rf.c294c91af0ec747023d49180865cd722.jpg,4000,3000,human,958,2175,998,2220
train_TRS_0047_JPG.rf.c294c91af0ec747023d49180865cd722.jpg,4000,3000,human,1221,245,1260,281
train_RAK_0035_JPG.rf.c2baba49996aebe87303c0b238754cde.jpg,4000,3000,human,1605,2777,1658,2909
train_VRD_2005_JPG.rf.c2bb8870bf59a7651ad848d5bc7f5437.jpg,4000,3000,human,359,288,466,387
train_ZRI_2012_JPG.rf.c327b72381d674c4dae76402b4dd8c88.jpg,4000,3000,human,447,376,553,433
train_ZRI_2012_JPG.rf.c327b72381d674c4dae76402b4dd8c88.jpg,4000,3000,human,2249,902,2312,943
train_ZRI_2012_JPG.rf.c327b72381d674c4dae76402b4dd8c88.jpg,4000,3000,human,2214,857,2254,902
train_ZRI_2012_JPG.rf.c327b72381d674c4dae76402b4dd8c88.jpg,4000,3000,human,1845,622,1888,682
train_ZRI_2012_JPG.rf.c327b72381d674c4dae76402b4dd8c88.jpg,4000,3000,human,1890,732,1952,791
train_ZRI_2012_JPG.rf.c327b72381d674c4dae76402b4dd8c88.jpg,4000,3000,human,1052,1326,1104,1366
train_ZRI_2012_JPG.rf.c327b72381d674c4dae76402b4dd8c88.jpg,4000,3000,human,1042,1045,1090,1081
train_ZRI_2012_JPG.rf.c327b72381d674c4dae76402b4dd8c88.jpg,4000,3000,human,1222,814,1286,860
train_ZRI_2012_JPG.rf.c327b72381d674c4dae76402b4dd8c88.jpg,4000,3000,human,1261,944,1334,1004
train_ZRI_2012_JPG.rf.c327b72381d674c4dae76402b4dd8c88.jpg,4000,3000,human,814,528,886,601
train_ZRI_2012_JPG.rf.c327b72381d674c4dae76402b4dd8c88.jpg,4000,3000,human,1224,567,1273,633
train_ZRI_2012_JPG.rf.c327b72381d674c4dae76402b4dd8c88.jpg,4000,3000,human,1174,617,1220,668
train_ZRI_2012_JPG.rf.c327b72381d674c4dae76402b4dd8c88.jpg,4000,3000,human,1298,644,1338,683
train_ZRI_2012_JPG.rf.c327b72381d674c4dae76402b4dd8c88.jpg,4000,3000,human,1524,125,1589,225
train_ZRI_2012_JPG.rf.c327b72381d674c4dae76402b4dd8c88.jpg,4000,3000,human,2085,2122,2127,2172
train_ZRI_2012_JPG.rf.c327b72381d674c4dae76402b4dd8c88.jpg,4000,3000,human,2076,2215,2113,2267
train_ZRI_2012_JPG.rf.c327b72381d674c4dae76402b4dd8c88.jpg,4000,3000,human,2033,2209,2073,2252
train_ZRI_2012_JPG.rf.c327b72381d674c4dae76402b4dd8c88.jpg,4000,3000,human,909,2017,953,2070
train_ZRI_2012_JPG.rf.c327b72381d674c4dae76402b4dd8c88.jpg,4000,3000,human,3719,262,3828,329
train_MED_3071_JPG.rf.c2f83c873c3aa19bf9dcd9ceaed92a56.jpg,4000,3000,human,2242,2515,2297,2641
train_JAS_0181_JPG.rf.c2bc03fbbee522c49f13f1f14ff9b163.jpg,4000,3000,human,481,1763,556,1811
train_VRD_0031_JPG.rf.c2d8035a1b39d6bc4c0ac76488807481.jpg,4000,3000,human,2557,474,2619,570
train_BRK_2051_JPG.rf.c39dde32314e4f0f9d7586159ee3ca42.jpg,4000,3000,human,1950,1799,2049,1859
train_BRK_2051_JPG.rf.c39dde32314e4f0f9d7586159ee3ca42.jpg,4000,3000,human,3618,1702,3714,1762
train_SB_0008_JPG.rf.c32f0fd7827ad4b2340702b18f5cb4ec.jpg,4000,3000,human,1409,1743,1483,1810
train_SB_0008_JPG.rf.c32f0fd7827ad4b2340702b18f5cb4ec.jpg,4000,3000,human,2268,730,2300,811
train_ZRI_3030_JPG.rf.c3ac99f6a5b517987b3d9650af44e402.jpg,4000,3000,human,1231,1908,1273,1952
train_ZRI_3030_JPG.rf.c3ac99f6a5b517987b3d9650af44e402.jpg,4000,3000,human,1532,1456,1634,1552
train_ZRI_3030_JPG.rf.c3ac99f6a5b517987b3d9650af44e402.jpg,4000,3000,human,1446,1435,1494,1477
train_ZRI_3030_JPG.rf.c3ac99f6a5b517987b3d9650af44e402.jpg,4000,3000,human,1666,918,1753,974
train_ZRI_3030_JPG.rf.c3ac99f6a5b517987b3d9650af44e402.jpg,4000,3000,human,1651,840,1728,897
train_ZRI_3030_JPG.rf.c3ac99f6a5b517987b3d9650af44e402.jpg,4000,3000,human,1896,821,1991,901
train_ZRI_3030_JPG.rf.c3ac99f6a5b517987b3d9650af44e402.jpg,4000,3000,human,2817,562,2886,611
train_ZRI_3030_JPG.rf.c3ac99f6a5b517987b3d9650af44e402.jpg,4000,3000,human,3113,416,3194,488
train_ZRI_3030_JPG.rf.c3ac99f6a5b517987b3d9650af44e402.jpg,4000,3000,human,2653,108,2733,182
train_ZRI_3030_JPG.rf.c3ac99f6a5b517987b3d9650af44e402.jpg,4000,3000,human,2032,603,2191,669
train_ZRI_3027_JPG.rf.c3c88d409836af1aa84a071706320713.jpg,4000,3000,human,964,973,1032,1048
train_ZRI_3027_JPG.rf.c3c88d409836af1aa84a071706320713.jpg,4000,3000,human,894,909,991,964
train_ZRI_3027_JPG.rf.c3c88d409836af1aa84a071706320713.jpg,4000,3000,human,2962,587,3034,644
train_ZRI_3027_JPG.rf.c3c88d409836af1aa84a071706320713.jpg,4000,3000,human,2646,874,2713,942
train_ZRI_3027_JPG.rf.c3c88d409836af1aa84a071706320713.jpg,4000,3000,human,2487,1,2559,73
train_ZRI_3027_JPG.rf.c3c88d409836af1aa84a071706320713.jpg,4000,3000,human,2332,0,2392,47
train_ZRI_3027_JPG.rf.c3c88d409836af1aa84a071706320713.jpg,4000,3000,human,3312,454,3397,528
train_ZRI_3027_JPG.rf.c3c88d409836af1aa84a071706320713.jpg,4000,3000,human,3279,814,3360,904
train_ZRI_3027_JPG.rf.c3c88d409836af1aa84a071706320713.jpg,4000,3000,human,3572,1226,3635,1282
train_ZRI_3027_JPG.rf.c3c88d409836af1aa84a071706320713.jpg,4000,3000,human,3795,1001,3912,1084
train_ZRI_3027_JPG.rf.c3c88d409836af1aa84a071706320713.jpg,4000,3000,human,3513,2686,3595,2729
train_ZRI_3027_JPG.rf.c3c88d409836af1aa84a071706320713.jpg,4000,3000,human,3469,2640,3537,2697
train_ZRI_3027_JPG.rf.c3c88d409836af1aa84a071706320713.jpg,4000,3000,human,3787,3,3894,98
train_ZRI_3027_JPG.rf.c3c88d409836af1aa84a071706320713.jpg,4000,3000,human,3338,14,3436,103
train_ZRI_3027_JPG.rf.c3c88d409836af1aa84a071706320713.jpg,4000,3000,human,3399,0,3503,89
train_ZRI_3027_JPG.rf.c3c88d409836af1aa84a071706320713.jpg,4000,3000,human,1693,4,1764,75
train_BRA_1068_JPG.rf.c3e09a40877c1388e3f4f60398801e12.jpg,4000,3000,human,504,1549,571,1581
train_BRA_1068_JPG.rf.c3e09a40877c1388e3f4f60398801e12.jpg,4000,3000,human,473,1584,546,1615
train_BRA_1068_JPG.rf.c3e09a40877c1388e3f4f60398801e12.jpg,4000,3000,human,333,1632,407,1654
train_BRA_1068_JPG.rf.c3e09a40877c1388e3f4f60398801e12.jpg,4000,3000,human,372,1549,422,1572
train_BRA_1068_JPG.rf.c3e09a40877c1388e3f4f60398801e12.jpg,4000,3000,human,315,1543,370,1564
train_BRA_1068_JPG.rf.c3e09a40877c1388e3f4f60398801e12.jpg,4000,3000,human,303,1522,373,1542
train_BRA_1068_JPG.rf.c3e09a40877c1388e3f4f60398801e12.jpg,4000,3000,human,270,1560,345,1586
train_BRA_1068_JPG.rf.c3e09a40877c1388e3f4f60398801e12.jpg,4000,3000,human,271,1526,315,1554

train_VRD_3007_JPG.rf.c47498f178eda92f6a7e4c90ecbb4979.jpg,4000,3000,human,2675,1180,2721,1233
train_SB_0007_JPG.rf.c40ddc0a8e7ef8edced9269af6fdcb19.jpg,4000,3000,human,1452,744,1520,801
train_SB_0007_JPG.rf.c40ddc0a8e7ef8edced9269af6fdcb19.jpg,4000,3000,human,1798,2015,1876,2061
train_GOR_1075_JPG.rf.c4bb8bbe89c946e337e1bf6085b544b6.jpg,4000,3000,human,293,1229,435,1301
train_GOR_1075_JPG.rf.c4bb8bbe89c946e337e1bf6085b544b6.jpg,4000,3000,human,839,259,925,353



train_BRA_1054_JPG.rf.c50d1dd653e78d35e86cf3b3ec4d2b8d.jpg,4000,3000,human,1105,1261,1162,1298
train_TRS_0022_JPG.rf.c51ba23dc5f8d4379516e20d61187878.jpg,4000,3000,human,2183,2268,2227,2324
train_TRS_0022_JPG.rf.c51ba23dc5f8d4379516e20d61187878.jpg,4000,3000,human,1453,2633,1494,2680
train_TRS_0022_JPG.rf.c51ba23dc5f8d4379516e20d61187878.jpg,4000,3000,human,1271,1525,1321,1559

train_GOR_1053_JPG.rf.c51e4e5adf2f63f3bbd66473c21c9112.jpg,4000,3000,human,1896,1155,1972,1297
train_BRS_0064_JPG.rf.c58d8b84a69ff8f6fb2c6063b79fa51d.jpg,4000,3000,human,2151,1902,2180,1927
train_BRS_0064_JPG.rf.c58d8b84a69ff8f6fb2c6063b79fa51d.jpg,4000,3000,human,2725,319,2763,380
train_BRS_0064_JPG.rf.c58d8b84a69ff8f6fb2c6063b79fa51d.jpg,4000,3000,human,2713,0,2749,64
train_MED_3046_JPG.rf.c59da3d337ad76e078e3ae09415ec543.jpg,4000,3000,human,1091,2120,1155,2171
train_VRD_0086_JPG.rf.c6770c03c005f17aecb969c49ab9261d.jpg,4000,3000,human,1433,387,1478,481
train_ZRI_3001_JPG.rf.c5b53d76612c6990f87f8bc60810a9ef.jpg,4000,3000,human,338,2119,452,2171
train_ZRI_3001_JPG.rf.c5b53d76612c6990f87f8bc60810a9ef.jpg,4000,3000,human,1348,1467,1436,1523
train_ZRI_3001_JPG.rf.c5b53d76612c6990f87f8bc60810a9ef.jpg,4000,3000,human,1510,1165,1583,1236
train_ZRI_3001_JPG.rf.c5b53d76612c6990f87f8bc60810a9ef.jpg,4000,3000,human,2015,654,2150,762
train_ZRI_3001_JPG.rf.c5b53d76612c6990f87f8bc60810a9ef.jpg,4000,3000,human,2477,1142,2541,1206
train_ZRI_3001_JPG.rf.c5b53d76612c6990f87f8bc60810a9ef.jpg,4000,3000,human,2598,764,2683,847
train_ZRI_3001_JPG.rf.c5b53d76612c6990f87f8bc60810a9ef.jpg,4000,3000,human,1927,1427,1985,1515
train_ZRI_3001_JPG.rf.c5b53d76612c6990f87f8bc60810a9ef.jpg,4000,3000,human,1990,1789,2054,1848
train_ZRI_3001_JPG.rf.c5b53d76612c6990f87f8bc60810a9ef.jpg,4000,3000,human,2297,1538,2345,1594
train_ZRI_3001_JPG.rf.c5b53d76612c6990f87f8bc60810a9ef.jpg,4000,3000,human,2925,1917,2987,1977
train_ZRI_3001_JPG.rf.c5b53d76612c6990f87f8bc60810a9ef.jpg,4000,3000,human,3084,1873,3143,1941
train_ZRI_3001_JPG.rf.c5b53d76612c6990f87f8bc60810a9ef.jpg,4000,3000,human,2950,2028,3022,2077
train_ZRI_3001_JPG.rf.c5b53d76612c6990f87f8bc60810a9ef.jpg,4000,3000,human,2846,2838,2923,2884
train_ZRI_3001_JPG.rf.c5b53d76612c6990f87f8bc60810a9ef.jpg,4000,3000,human,3622,1624,3709,1683
train_ZRI_3001_JPG.rf.c5b53d76612c6990f87f8bc60810a9ef.jpg,4000,3000,human,3589,1800,3655,1851
train_ZRI_3001_JPG.rf.c5b53d76612c6990f87f8bc60810a9ef.jpg,4000,3000,human,1789,2491,1835,2567
train_ZRI_3001_JPG.rf.c5b53d76612c6990f87f8bc60810a9ef.jpg,4000,3000,human,1424,2745,1520,2823
train_ZRI_3001_JPG.rf.c5b53d76612c6990f87f8bc60810a9ef.jpg,4000,3000,human,3881,501,3937,587
train_ZRI_3001_JPG.rf.c5b53d76612c6990f87f8bc60810a9ef.jpg,4000,3000,human,3933,559,3999,625

train_SB_0039_JPG.rf.c64398d6e17e31acde43f734182600c5.jpg,4000,3000,human,2333,1408,2373,1441
train_SB_0039_JPG.rf.c64398d6e17e31acde43f734182600c5.jpg,4000,3000,human,1717,1658,1777,1697
train_SB_0039_JPG.rf.c64398d6e17e31acde43f734182600c5.jpg,4000,3000,human,1981,2321,2016,2364
train_ZRI_2015_JPG.rf.c6b1ed7f2641e72f8a9ae0231a656746.jpg,4000,3000,human,1345,1313,1426,1365
train_ZRI_2015_JPG.rf.c6b1ed7f2641e72f8a9ae0231a656746.jpg,4000,3000,human,1218,2293,1293,2365
train_ZRI_2015_JPG.rf.c6b1ed7f2641e72f8a9ae0231a656746.jpg,4000,3000,human,931,2304,1009,2358
train_ZRI_2015_JPG.rf.c6b1ed7f2641e72f8a9ae0231a656746.jpg,4000,3000,human,501,2215,588,2265
train_ZRI_2015_JPG.rf.c6b1ed7f2641e72f8a9ae0231a656746.jpg,4000,3000,human,223,2797,352,2873
train_ZRI_2015_JPG.rf.c6b1ed7f2641e72f8a9ae0231a656746.jpg,4000,3000,human,267,2746,333,2806
train_ZRI_2015_JPG.rf.c6b1ed7f2641e72f8a9ae0231a656746.jpg,4000,3000,human,382,2651,486,2714
train_ZRI_2015_JPG.rf.c6b1ed7f2641e72f8a9ae0231a656746.jpg,4000,3000,human,648,2903,724,2975
train_ZRI_2015_JPG.rf.c6b1ed7f2641e72f8a9ae0231a656746.jpg,4000,3000,human,751,2819,823,2898
train_ZRI_2015_JPG.rf.c6b1ed7f2641e72f8a9ae0231a656746.jpg,4000,3000,human,1722,2915,1780,2997
train_BRS_0017_JPG.rf.c5a2b29f71e4af621f7d150e892deca1.jpg,4000,3000,human,716,926,782,976
train_GOR_3013_JPG.rf.c6f5aa0d4f3c164b6b3772ef1f6abfe0.jpg,4000,3000,human,902,597,964,664
train_GOR_3013_JPG.rf.c6f5aa0d4f3c164b6b3772ef1f6abfe0.jpg,4000,3000,human,2075,663,2116,736



train_JAS_0076_JPG.rf.c63c4a29ac6280c0826a9fd7220d4453.jpg,4000,3000,human,917,1325,1007,1384
train_MED_3003_JPG.rf.c668a884e644e8260e6560391b430ec1.jpg,4000,3000,human,1889,279,1934,350
train_MED_3003_JPG.rf.c668a884e644e8260e6560391b430ec1.jpg,4000,3000,human,1496,1430,1546,1466

train_BRS_0048_JPG.rf.c7855278feee4a23794659eb51a08cd0.jpg,4000,3000,human,1756,1899,1795,1951
train_BRS_0048_JPG.rf.c7855278feee4a23794659eb51a08cd0.jpg,4000,3000,human,2887,0,2930,53
train_BRS_0040_JPG.rf.c78aa0894836289f44bae31fbc34422a.jpg,4000,3000,human,2380,1277,2412,1322
train_GOR_2044_JPG.rf.c7b79da470a6fcb36aef152002af598a.jpg,4000,3000,human,2165,1994,2212,2042


train_BRS_0013_JPG.rf.c943d62d89cad7ba5d212f43e846e932.jpg,4000,3000,human,449,2833,527,2899
train_TRS_0049_JPG.rf.c9a14ae31c023521ee2479d3cc05bd91.jpg,4000,3000,human,2577,2643,2637,2699
train_TRS_0049_JPG.rf.c9a14ae31c023521ee2479d3cc05bd91.jpg,4000,3000,human,969,2179,1012,2223
train_TRS_0049_JPG.rf.c9a14ae31c023521ee2479d3cc05bd91.jpg,4000,3000,human,1231,252,1273,291
train_BRS_0054_JPG.rf.ca3a55527855ab6b68d051123a05dd96.jpg,4000,3000,human,2783,100,2821,174
train_BRS_0054_JPG.rf.ca3a55527855ab6b68d051123a05dd96.jpg,4000,3000,human,1366,1814,1402,1843

train_VRD_0130_JPG.rf.c9fdfa0abe85bb285a07f6920b912754.jpg,4000,3000,human,188,706,256,748
train_RAK_0062_JPG.rf.c8c7db59c401c3b8adcf07ecac0896cb.jpg,4000,3000,human,913,764,983,835
train_JAS_0112_JPG.rf.ca5a35d368ef5b50d168f966f44170dc.jpg,4000,3000,human,3671,489,3771,543

train_MED_3033_JPG.rf.c8f61a01dad94ab760a4cad3d3c7ca63.jpg,4000,3000,human,1605,278,1652,358
train_JAS_0132_JPG.rf.ca42b0743ebf6e8d1a0dec0a76c8e441.jpg,4000,3000,human,2633,1734,2691,1843


train_BLA_0005_JPG.rf.cadd3a6d447fc7874062f8596812026e.jpg,4000,3000,human,354,1743,410,1787
train_BLA_0005_JPG.rf.cadd3a6d447fc7874062f8596812026e.jpg,4000,3000,human,3468,1189,3536,1281
train_BLA_0005_JPG.rf.cadd3a6d447fc7874062f8596812026e.jpg,4000,3000,human,2650,2828,2703,2887

train_GOR_3021_JPG.rf.caf263b8a39063e1355125dcf99b9501.jpg,4000,3000,human,1348,665,1398,737
train_GOR_3021_JPG.rf.caf263b8a39063e1355125dcf99b9501.jpg,4000,3000,human,2227,858,2292,938

train_BRS_0059_JPG.rf.cc4942691e1a215a91a1081c0e439cf0.jpg,4000,3000,human,2782,102,2827,173
train_BRS_0059_JPG.rf.cc4942691e1a215a91a1081c0e439cf0.jpg,4000,3000,human,1927,1599,1962,1636
train_TRS_0039_JPG.rf.cc8e190fc61905dca22ea2782a5b7b90.jpg,4000,3000,human,1539,2692,1582,2756
train_TRS_0039_JPG.rf.cc8e190fc61905dca22ea2782a5b7b90.jpg,4000,3000,human,1064,1054,1107,1090


train_RAK_0001_JPG.rf.cc432f23f27cc7c6043e941e0e3a4f43.jpg,4000,3000,human,1854,1680,1905,1726
train_RAK_0001_JPG.rf.cc432f23f27cc7c6043e941e0e3a4f43.jpg,4000,3000,human,2428,2086,2489,2139
train_VRD_0145_JPG.rf.cd47952c4ee236bc999be51555c08e9a.jpg,4000,3000,human,1480,1267,1565,1305
train_VRD_0145_JPG.rf.cd47952c4ee236bc999be51555c08e9a.jpg,4000,3000,human,2729,815,2780,865
train_VRD_3019_JPG.rf.cc01f5726d0c540e6faff7c3525879aa.jpg,4000,3000,human,1191,2951,1268,2996


train_SB_0028_JPG.rf.cdcfe9b71da21cf2d7442c8b81ee5b47.jpg,4000,3000,human,2180,1584,2217,1611
train_SB_0028_JPG.rf.cdcfe9b71da21cf2d7442c8b81ee5b47.jpg,4000,3000,human,1823,2155,1862,2192
train_SB_0028_JPG.rf.cdcfe9b71da21cf2d7442c8b81ee5b47.jpg,4000,3000,human,2319,2752,2355,2817
train_VRD_3085_JPG.rf.cdbb4cb59f4d4eea1d330110527c55b4.jpg,4000,3000,human,2712,754,2753,831


train_VRD_2047_JPG.rf.cdf7390cb6b2ad83c29fdef81dbebfa6.jpg,4000,3000,human,391,913,467,1035